tipo_plano;plano;coparticipacao;abrangencia;acomodacao;faixa_min;faixa_max;qtd_beneficiarios;valor;coparticipacao_consulta;coparticipacao_exames;internacao
Pessoa Física - PF;Flex 1;50%;Regional;Enfermaria;0;18;1;360,67;R$ 75,00;R$1,00 até no máximo R$220,00;Internado tudo coberto
Pessoa Física - PF;Flex 1;50%;Regional;Enfermaria;19;23;1;435,44;R$ 75,00;R$1,00 até no máximo R$220,00;Internado tudo coberto
Pessoa Física - PF;Flex 1;50%;Regional;Enfermaria;24;28;1;496,18;R$ 75,00;R$1,00 até no máximo R$220,00;Internado tudo coberto
Pessoa Física - PF;Flex 1;50%;Regional;Enfermaria;29;33;1;552;R$ 75,00;R$1,00 até no máximo R$220,00;Internado tudo coberto
Pessoa Física - PF;Flex 1;50%;Regional;Enfermaria;34;38;1;624,48;R$ 75,00;R$1,00 até no máximo R$220,00;Internado tudo coberto
Pessoa Física - PF;Flex 1;50%;Regional;Enfermaria;39;43;1;696,05;R$ 75,00;R$1,00 até no máximo R$220,00;Internado tudo coberto
Pessoa Física - PF;Flex 1;50%;Regional;Enfermaria;44;48;1;828,72;R$ 75,00;R$1,00 até no máximo R$220,00;Internado tudo coberto
Pessoa Física - PF;Flex 1;50%;Regional;Enfermaria;49;53;1;1043,52;R$ 75,00;R$1,00 até no máximo R$220,00;Internado tudo coberto
Pessoa Física - PF;Flex 1;50%;Regional;Enfermaria;54;58;1;1323,71;R$ 75,00;R$1,00 até no máximo R$220,00;Internado tudo coberto
Pessoa Física - PF;Flex 1;50%;Regional;Enfermaria;59;120;1;1888,27;R$ 75,00;R$1,00 até no máximo R$220,00;Internado tudo coberto
Pessoa Física - PF;Flex 1;50%;Regional;Enfermaria;0;18;2;324,6;R$ 75,00;R$1,00 até no máximo R$220,00;Internado tudo coberto
Pessoa Física - PF;Flex 1;50%;Regional;Enfermaria;19;23;2;391,89;R$ 75,00;R$1,00 até no máximo R$220,00;Internado tudo coberto
Pessoa Física - PF;Flex 1;50%;Regional;Enfermaria;24;28;2;446,56;R$ 75,00;R$1,00 até no máximo R$220,00;Internado tudo coberto
Pessoa Física - PF;Flex 1;50%;Regional;Enfermaria;29;33;2;496,8;R$ 75,00;R$1,00 até no máximo R$220,00;Internado tudo coberto
Pessoa Física - PF;Flex 1;50%;Regional;Enfermaria;34;38;2;562,03;R$ 75,00;R$1,00 até no máximo R$220,00;Internado tudo coberto
Pessoa Física - PF;Flex 1;50%;Regional;Enfermaria;39;43;2;626,44;R$ 75,00;R$1,00 até no máximo R$220,00;Internado tudo coberto
Pessoa Física - PF;Flex 1;50%;Regional;Enfermaria;44;48;2;745,84;R$ 75,00;R$1,00 até no máximo R$220,00;Internado tudo coberto
Pessoa Física - PF;Flex 1;50%;Regional;Enfermaria;49;53;2;939,16;R$ 75,00;R$1,00 até no máximo R$220,00;Internado tudo coberto
Pessoa Física - PF;Flex 1;50%;Regional;Enfermaria;54;58;2;1191,32;R$ 75,00;R$1,00 até no máximo R$220,00;Internado tudo coberto
Pessoa Física - PF;Flex 1;50%;Regional;Enfermaria;59;120;2;1699,42;R$ 75,00;R$1,00 até no máximo R$220,00;Internado tudo coberto
Pessoa Física - PF;Flex 1;50%;Regional;Enfermaria;0;18;3;306,57;R$ 75,00;R$1,00 até no máximo R$220,00;Internado tudo coberto
Pessoa Física - PF;Flex 1;50%;Regional;Enfermaria;19;23;3;370,12;R$ 75,00;R$1,00 até no máximo R$220,00;Internado tudo coberto
Pessoa Física - PF;Flex 1;50%;Regional;Enfermaria;24;28;3;421,75;R$ 75,00;R$1,00 até no máximo R$220,00;Internado tudo coberto
Pessoa Física - PF;Flex 1;50%;Regional;Enfermaria;29;33;3;469,2;R$ 75,00;R$1,00 até no máximo R$220,00;Internado tudo coberto
Pessoa Física - PF;Flex 1;50%;Regional;Enfermaria;34;38;3;530,81;R$ 75,00;R$1,00 até no máximo R$220,00;Internado tudo coberto
Pessoa Física - PF;Flex 1;50%;Regional;Enfermaria;39;43;3;591,64;R$ 75,00;R$1,00 até no máximo R$220,00;Internado tudo coberto
Pessoa Física - PF;Flex 1;50%;Regional;Enfermaria;44;48;3;704,41;R$ 75,00;R$1,00 até no máximo R$220,00;Internado tudo coberto
Pessoa Física - PF;Flex 1;50%;Regional;Enfermaria;49;53;3;886,99;R$ 75,00;R$1,00 até no máximo R$220,00;Internado tudo coberto
Pessoa Física - PF;Flex 1;50%;Regional;Enfermaria;54;58;3;1125,15;R$ 75,00;R$1,00 até no máximo R$220,00;Internado tudo coberto
Pessoa Física - PF;Flex 1;50%;Regional;Enfermaria;59;120;3;1605,03;R$ 75,00;R$1,00 até no máximo R$220,00;Internado tudo coberto
Pessoa Física - PF;Flex 1;50%;Regional;Enfermaria;0;18;4+;288,54;R$ 75,00;R$1,00 até no máximo R$220,00;Internado tudo coberto
Pessoa Física - PF;Flex 1;50%;Regional;Enfermaria;19;23;4+;348,35;R$ 75,00;R$1,00 até no máximo R$220,00;Internado tudo coberto
Pessoa Física - PF;Flex 1;50%;Regional;Enfermaria;24;28;4+;396,94;R$ 75,00;R$1,00 até no máximo R$220,00;Internado tudo coberto
Pessoa Física - PF;Flex 1;50%;Regional;Enfermaria;29;33;4+;441,6;R$ 75,00;R$1,00 até no máximo R$220,00;Internado tudo coberto
Pessoa Física - PF;Flex 1;50%;Regional;Enfermaria;34;38;4+;499,58;R$ 75,00;R$1,00 até no máximo R$220,00;Internado tudo coberto
Pessoa Física - PF;Flex 1;50%;Regional;Enfermaria;39;43;4+;556,83;R$ 75,00;R$1,00 até no máximo R$220,00;Internado tudo coberto
Pessoa Física - PF;Flex 1;50%;Regional;Enfermaria;44;48;4+;662,96;R$ 75,00;R$1,00 até no máximo R$220,00;Internado tudo coberto
Pessoa Física - PF;Flex 1;50%;Regional;Enfermaria;49;53;4+;834,8;R$ 75,00;R$1,00 até no máximo R$220,00;Internado tudo coberto
Pessoa Física - PF;Flex 1;50%;Regional;Enfermaria;54;58;4+;1058,94;R$ 75,00;R$1,00 até no máximo R$220,00;Internado tudo coberto
Pessoa Física - PF;Flex 1;50%;Regional;Enfermaria;59;120;4+;1510,58;R$ 75,00;R$1,00 até no máximo R$220,00;Internado tudo coberto
Pessoa Física - PF;Flex 1;50%;Regional;Apartamento;0;18;1;538,48;R$ 75,00;R$1,00 até no máximo R$220,00;Internado tudo coberto
Pessoa Física - PF;Flex 1;50%;Regional;Apartamento;19;23;1;613,76;R$ 75,00;R$1,00 até no máximo R$220,00;Internado tudo coberto
Pessoa Física - PF;Flex 1;50%;Regional;Apartamento;24;28;1;672,74;R$ 75,00;R$1,00 até no máximo R$220,00;Internado tudo coberto
Pessoa Física - PF;Flex 1;50%;Regional;Apartamento;29;33;1;724,81;R$ 75,00;R$1,00 até no máximo R$220,00;Internado tudo coberto
Pessoa Física - PF;Flex 1;50%;Regional;Apartamento;34;38;1;794,54;R$ 75,00;R$1,00 até no máximo R$220,00;Internado tudo coberto
Pessoa Física - PF;Flex 1;50%;Regional;Apartamento;39;43;1;986,42;R$ 75,00;R$1,00 até no máximo R$220,00;Internado tudo coberto
Pessoa Física - PF;Flex 1;50%;Regional;Apartamento;44;48;1;1140,99;R$ 75,00;R$1,00 até no máximo R$220,00;Internado tudo coberto
Pessoa Física - PF;Flex 1;50%;Regional;Apartamento;49;53;1;1503,03;R$ 75,00;R$1,00 até no máximo R$220,00;Internado tudo coberto
Pessoa Física - PF;Flex 1;50%;Regional;Apartamento;54;58;1;1916,36;R$ 75,00;R$1,00 até no máximo R$220,00;Internado tudo coberto
Pessoa Física - PF;Flex 1;50%;Regional;Apartamento;59;120;1;2405,8;R$ 75,00;R$1,00 até no máximo R$220,00;Internado tudo coberto
Pessoa Física - PF;Flex 1;50%;Regional;Apartamento;0;18;2;484,63;R$ 75,00;R$1,00 até no máximo R$220,00;Internado tudo coberto
Pessoa Física - PF;Flex 1;50%;Regional;Apartamento;19;23;2;552,38;R$ 75,00;R$1,00 até no máximo R$220,00;Internado tudo coberto
Pessoa Física - PF;Flex 1;50%;Regional;Apartamento;24;28;2;605,46;R$ 75,00;R$1,00 até no máximo R$220,00;Internado tudo coberto
Pessoa Física - PF;Flex 1;50%;Regional;Apartamento;29;33;2;652,32;R$ 75,00;R$1,00 até no máximo R$220,00;Internado tudo coberto
Pessoa Física - PF;Flex 1;50%;Regional;Apartamento;34;38;2;715,07;R$ 75,00;R$1,00 até no máximo R$220,00;Internado tudo coberto
Pessoa Física - PF;Flex 1;50%;Regional;Apartamento;39;43;2;887,76;R$ 75,00;R$1,00 até no máximo R$220,00;Internado tudo coberto
Pessoa Física - PF;Flex 1;50%;Regional;Apartamento;44;48;2;1026,87;R$ 75,00;R$1,00 até no máximo R$220,00;Internado tudo coberto
Pessoa Física - PF;Flex 1;50%;Regional;Apartamento;49;53;2;1352,7;R$ 75,00;R$1,00 até no máximo R$220,00;Internado tudo coberto
Pessoa Física - PF;Flex 1;50%;Regional;Apartamento;54;58;2;1724,69;R$ 75,00;R$1,00 até no máximo R$220,00;Internado tudo coberto
Pessoa Física - PF;Flex 1;50%;Regional;Apartamento;59;120;2;2165,18;R$ 75,00;R$1,00 até no máximo R$220,00;Internado tudo coberto
Pessoa Física - PF;Flex 1;50%;Regional;Apartamento;0;18;3;457,71;R$ 75,00;R$1,00 até no máximo R$220,00;Internado tudo coberto
Pessoa Física - PF;Flex 1;50%;Regional;Apartamento;19;23;3;521,7;R$ 75,00;R$1,00 até no máximo R$220,00;Internado tudo coberto
Pessoa Física - PF;Flex 1;50%;Regional;Apartamento;24;28;3;571,84;R$ 75,00;R$1,00 até no máximo R$220,00;Internado tudo coberto
Pessoa Física - PF;Flex 1;50%;Regional;Apartamento;29;33;3;616,1;R$ 75,00;R$1,00 até no máximo R$220,00;Internado tudo coberto
Pessoa Física - PF;Flex 1;50%;Regional;Apartamento;34;38;3;675,37;R$ 75,00;R$1,00 até no máximo R$220,00;Internado tudo coberto
Pessoa Física - PF;Flex 1;50%;Regional;Apartamento;39;43;3;838,47;R$ 75,00;R$1,00 até no máximo R$220,00;Internado tudo coberto
Pessoa Física - PF;Flex 1;50%;Regional;Apartamento;44;48;3;969,86;R$ 75,00;R$1,00 até no máximo R$220,00;Internado tudo coberto
Pessoa Física - PF;Flex 1;50%;Regional;Apartamento;49;53;3;1277,6;R$ 75,00;R$1,00 até no máximo R$220,00;Internado tudo coberto
Pessoa Física - PF;Flex 1;50%;Regional;Apartamento;54;58;3;1628,94;R$ 75,00;R$1,00 até no máximo R$220,00;Internado tudo coberto
Pessoa Física - PF;Flex 1;50%;Regional;Apartamento;59;120;3;2044,97;R$ 75,00;R$1,00 até no máximo R$220,00;Internado tudo coberto
Pessoa Física - PF;Flex 1;50%;Regional;Apartamento;0;18;4+;430,78;R$ 75,00;R$1,00 até no máximo R$220,00;Internado tudo coberto
Pessoa Física - PF;Flex 1;50%;Regional;Apartamento;19;23;4+;491;R$ 75,00;R$1,00 até no máximo R$220,00;Internado tudo coberto
Pessoa Física - PF;Flex 1;50%;Regional;Apartamento;24;28;4+;538,19;R$ 75,00;R$1,00 até no máximo R$220,00;Internado tudo coberto
Pessoa Física - PF;Flex 1;50%;Regional;Apartamento;29;33;4+;579,85;R$ 75,00;R$1,00 até no máximo R$220,00;Internado tudo coberto
Pessoa Física - PF;Flex 1;50%;Regional;Apartamento;34;38;4+;635,63;R$ 75,00;R$1,00 até no máximo R$220,00;Internado tudo coberto
Pessoa Física - PF;Flex 1;50%;Regional;Apartamento;39;43;4+;789,13;R$ 75,00;R$1,00 até no máximo R$220,00;Internado tudo coberto
Pessoa Física - PF;Flex 1;50%;Regional;Apartamento;44;48;4+;912,79;R$ 75,00;R$1,00 até no máximo R$220,00;Internado tudo coberto
Pessoa Física - PF;Flex 1;50%;Regional;Apartamento;49;53;4+;1202,42;R$ 75,00;R$1,00 até no máximo R$220,00;Internado tudo coberto
Pessoa Física - PF;Flex 1;50%;Regional;Apartamento;54;58;4+;1533,09;R$ 75,00;R$1,00 até no máximo R$220,00;Internado tudo coberto
Pessoa Física - PF;Flex 1;50%;Regional;Apartamento;59;120;4+;1924,64;R$ 75,00;R$1,00 até no máximo R$220,00;Internado tudo coberto
Pessoa Física - PF;Flex 1;30%;Regional;Enfermaria;0;18;1;475,82;R$ 45,00;R$1,00 até no máximo R$220,00;Internado tudo coberto
Pessoa Física - PF;Flex 1;30%;Regional;Enfermaria;19;23;1;574,46;R$ 45,00;R$1,00 até no máximo R$220,00;Internado tudo coberto
Pessoa Física - PF;Flex 1;30%;Regional;Enfermaria;24;28;1;654,6;R$ 45,00;R$1,00 até no máximo R$220,00;Internado tudo coberto
Pessoa Física - PF;Flex 1;30%;Regional;Enfermaria;29;33;1;728,24;R$ 45,00;R$1,00 até no máximo R$220,00;Internado tudo coberto
Pessoa Física - PF;Flex 1;30%;Regional;Enfermaria;34;38;1;823,86;R$ 45,00;R$1,00 até no máximo R$220,00;Internado tudo coberto
Pessoa Física - PF;Flex 1;30%;Regional;Enfermaria;39;43;1;918,27;R$ 45,00;R$1,00 até no máximo R$220,00;Internado tudo coberto
Pessoa Física - PF;Flex 1;30%;Regional;Enfermaria;44;48;1;1093,29;R$ 45,00;R$1,00 até no máximo R$220,00;Internado tudo coberto
Pessoa Física - PF;Flex 1;30%;Regional;Enfermaria;49;53;1;1376,67;R$ 45,00;R$1,00 até no máximo R$220,00;Internado tudo coberto
Pessoa Física - PF;Flex 1;30%;Regional;Enfermaria;54;58;1;1746,31;R$ 45,00;R$1,00 até no máximo R$220,00;Internado tudo coberto
Pessoa Física - PF;Flex 1;30%;Regional;Enfermaria;59;120;1;2491,11;R$ 45,00;R$1,00 até no máximo R$220,00;Internado tudo coberto
Pessoa Física - PF;Flex 1;30%;Regional;Enfermaria;0;18;2;428,24;R$ 45,00;R$1,00 até no máximo R$220,00;Internado tudo coberto
Pessoa Física - PF;Flex 1;30%;Regional;Enfermaria;19;23;2;517,01;R$ 45,00;R$1,00 até no máximo R$220,00;Internado tudo coberto
Pessoa Física - PF;Flex 1;30%;Regional;Enfermaria;24;28;2;589,13;R$ 45,00;R$1,00 até no máximo R$220,00;Internado tudo coberto
Pessoa Física - PF;Flex 1;30%;Regional;Enfermaria;29;33;2;655,41;R$ 45,00;R$1,00 até no máximo R$220,00;Internado tudo coberto
Pessoa Física - PF;Flex 1;30%;Regional;Enfermaria;34;38;2;741,47;R$ 45,00;R$1,00 até no máximo R$220,00;Internado tudo coberto
Pessoa Física - PF;Flex 1;30%;Regional;Enfermaria;39;43;2;826,44;R$ 45,00;R$1,00 até no máximo R$220,00;Internado tudo coberto
Pessoa Física - PF;Flex 1;30%;Regional;Enfermaria;44;48;2;983,96;R$ 45,00;R$1,00 até no máximo R$220,00;Internado tudo coberto
Pessoa Física - PF;Flex 1;30%;Regional;Enfermaria;49;53;2;1239;R$ 45,00;R$1,00 até no máximo R$220,00;Internado tudo coberto
Pessoa Física - PF;Flex 1;30%;Regional;Enfermaria;54;58;2;1571,67;R$ 45,00;R$1,00 até no máximo R$220,00;Internado tudo coberto
Pessoa Física - PF;Flex 1;30%;Regional;Enfermaria;59;120;2;2241,99;R$ 45,00;R$1,00 até no máximo R$220,00;Internado tudo coberto
Pessoa Física - PF;Flex 1;30%;Regional;Enfermaria;0;18;3;404,45;R$ 45,00;R$1,00 até no máximo R$220,00;Internado tudo coberto
Pessoa Física - PF;Flex 1;30%;Regional;Enfermaria;19;23;3;488,29;R$ 45,00;R$1,00 até no máximo R$220,00;Internado tudo coberto
Pessoa Física - PF;Flex 1;30%;Regional;Enfermaria;24;28;3;556,41;R$ 45,00;R$1,00 até no máximo R$220,00;Internado tudo coberto
Pessoa Física - PF;Flex 1;30%;Regional;Enfermaria;29;33;3;619,01;R$ 45,00;R$1,00 até no máximo R$220,00;Internado tudo coberto
Pessoa Física - PF;Flex 1;30%;Regional;Enfermaria;34;38;3;700,29;R$ 45,00;R$1,00 até no máximo R$220,00;Internado tudo coberto
Pessoa Física - PF;Flex 1;30%;Regional;Enfermaria;39;43;3;780,54;R$ 45,00;R$1,00 até no máximo R$220,00;Internado tudo coberto
Pessoa Física - PF;Flex 1;30%;Regional;Enfermaria;44;48;3;929,31;R$ 45,00;R$1,00 até no máximo R$220,00;Internado tudo coberto
Pessoa Física - PF;Flex 1;30%;Regional;Enfermaria;49;53;3;1170,19;R$ 45,00;R$1,00 até no máximo R$220,00;Internado tudo coberto
Pessoa Física - PF;Flex 1;30%;Regional;Enfermaria;54;58;3;1484,39;R$ 45,00;R$1,00 até no máximo R$220,00;Internado tudo coberto
Pessoa Física - PF;Flex 1;30%;Regional;Enfermaria;59;120;3;2117,48;R$ 45,00;R$1,00 até no máximo R$220,00;Internado tudo coberto
Pessoa Física - PF;Flex 1;30%;Regional;Enfermaria;0;18;4+;380,66;R$ 45,00;R$1,00 até no máximo R$220,00;Internado tudo coberto
Pessoa Física - PF;Flex 1;30%;Regional;Enfermaria;19;23;4+;459,57;R$ 45,00;R$1,00 até no máximo R$220,00;Internado tudo coberto
Pessoa Física - PF;Flex 1;30%;Regional;Enfermaria;24;28;4+;523,68;R$ 45,00;R$1,00 até no máximo R$220,00;Internado tudo coberto
Pessoa Física - PF;Flex 1;30%;Regional;Enfermaria;29;33;4+;582,59;R$ 45,00;R$1,00 até no máximo R$220,00;Internado tudo coberto
Pessoa Física - PF;Flex 1;30%;Regional;Enfermaria;34;38;4+;659,08;R$ 45,00;R$1,00 até no máximo R$220,00;Internado tudo coberto
Pessoa Física - PF;Flex 1;30%;Regional;Enfermaria;39;43;4+;734,61;R$ 45,00;R$1,00 até no máximo R$220,00;Internado tudo coberto
Pessoa Física - PF;Flex 1;30%;Regional;Enfermaria;44;48;4+;874,63;R$ 45,00;R$1,00 até no máximo R$220,00;Internado tudo coberto
Pessoa Física - PF;Flex 1;30%;Regional;Enfermaria;49;53;4+;1101,33;R$ 45,00;R$1,00 até no máximo R$220,00;Internado tudo coberto
Pessoa Física - PF;Flex 1;30%;Regional;Enfermaria;54;58;4+;1397,04;R$ 45,00;R$1,00 até no máximo R$220,00;Internado tudo coberto
Pessoa Física - PF;Flex 1;30%;Regional;Enfermaria;59;120;4+;1992,88;R$ 45,00;R$1,00 até no máximo R$220,00;Internado tudo coberto
Pessoa Física - PF;Flex 1;30%;Regional;Apartamento;0;18;1;721,35;R$ 45,00;R$1,00 até no máximo R$220,00;Internado tudo coberto
Pessoa Física - PF;Flex 1;30%;Regional;Apartamento;19;23;1;822,19;R$ 45,00;R$1,00 até no máximo R$220,00;Internado tudo coberto
Pessoa Física - PF;Flex 1;30%;Regional;Apartamento;24;28;1;901,2;R$ 45,00;R$1,00 até no máximo R$220,00;Internado tudo coberto
Pessoa Física - PF;Flex 1;30%;Regional;Apartamento;29;33;1;970,95;R$ 45,00;R$1,00 até no máximo R$220,00;Internado tudo coberto
Pessoa Física - PF;Flex 1;30%;Regional;Apartamento;34;38;1;1064,36;R$ 45,00;R$1,00 até no máximo R$220,00;Internado tudo coberto
Pessoa Física - PF;Flex 1;30%;Regional;Apartamento;39;43;1;1321,4;R$ 45,00;R$1,00 até no máximo R$220,00;Internado tudo coberto
Pessoa Física - PF;Flex 1;30%;Regional;Apartamento;44;48;1;1528,46;R$ 45,00;R$1,00 até no máximo R$220,00;Internado tudo coberto
Pessoa Física - PF;Flex 1;30%;Regional;Apartamento;49;53;1;2013,44;R$ 45,00;R$1,00 até no máximo R$220,00;Internado tudo coberto
Pessoa Física - PF;Flex 1;30%;Regional;Apartamento;54;58;1;2567,14;R$ 45,00;R$1,00 até no máximo R$220,00;Internado tudo coberto
Pessoa Física - PF;Flex 1;30%;Regional;Apartamento;59;120;1;3222,79;R$ 45,00;R$1,00 até no máximo R$220,00;Internado tudo coberto
Pessoa Física - PF;Flex 1;30%;Regional;Apartamento;0;18;2;649,22;R$ 45,00;R$1,00 até no máximo R$220,00;Internado tudo coberto
Pessoa Física - PF;Flex 1;30%;Regional;Apartamento;19;23;2;739,98;R$ 45,00;R$1,00 até no máximo R$220,00;Internado tudo coberto
Pessoa Física - PF;Flex 1;30%;Regional;Apartamento;24;28;2;811,09;R$ 45,00;R$1,00 até no máximo R$220,00;Internado tudo coberto
Pessoa Física - PF;Flex 1;30%;Regional;Apartamento;29;33;2;873,87;R$ 45,00;R$1,00 até no máximo R$220,00;Internado tudo coberto
Pessoa Física - PF;Flex 1;30%;Regional;Apartamento;34;38;2;957,94;R$ 45,00;R$1,00 até no máximo R$220,00;Internado tudo coberto
Pessoa Física - PF;Flex 1;30%;Regional;Apartamento;39;43;2;1189,28;R$ 45,00;R$1,00 até no máximo R$220,00;Internado tudo coberto
Pessoa Física - PF;Flex 1;30%;Regional;Apartamento;44;48;2;1375,64;R$ 45,00;R$1,00 até no máximo R$220,00;Internado tudo coberto
Pessoa Física - PF;Flex 1;30%;Regional;Apartamento;49;53;2;1812,13;R$ 45,00;R$1,00 até no máximo R$220,00;Internado tudo coberto
Pessoa Física - PF;Flex 1;30%;Regional;Apartamento;54;58;2;2310,47;R$ 45,00;R$1,00 até no máximo R$220,00;Internado tudo coberto
Pessoa Física - PF;Flex 1;30%;Regional;Apartamento;59;120;2;2900,56;R$ 45,00;R$1,00 até no máximo R$220,00;Internado tudo coberto
Pessoa Física - PF;Flex 1;30%;Regional;Apartamento;0;18;3;613,15;R$ 45,00;R$1,00 até no máximo R$220,00;Internado tudo coberto
Pessoa Física - PF;Flex 1;30%;Regional;Apartamento;19;23;3;698,87;R$ 45,00;R$1,00 até no máximo R$220,00;Internado tudo coberto
Pessoa Física - PF;Flex 1;30%;Regional;Apartamento;24;28;3;766,03;R$ 45,00;R$1,00 até no máximo R$220,00;Internado tudo coberto
Pessoa Física - PF;Flex 1;30%;Regional;Apartamento;29;33;3;825,32;R$ 45,00;R$1,00 até no máximo R$220,00;Internado tudo coberto
Pessoa Física - PF;Flex 1;30%;Regional;Apartamento;34;38;3;904,72;R$ 45,00;R$1,00 até no máximo R$220,00;Internado tudo coberto
Pessoa Física - PF;Flex 1;30%;Regional;Apartamento;39;43;3;1123,21;R$ 45,00;R$1,00 até no máximo R$220,00;Internado tudo coberto
Pessoa Física - PF;Flex 1;30%;Regional;Apartamento;44;48;3;1299,22;R$ 45,00;R$1,00 até no máximo R$220,00;Internado tudo coberto
Pessoa Física - PF;Flex 1;30%;Regional;Apartamento;49;53;3;1711,46;R$ 45,00;R$1,00 até no máximo R$220,00;Internado tudo coberto
Pessoa Física - PF;Flex 1;30%;Regional;Apartamento;54;58;3;2182,11;R$ 45,00;R$1,00 até no máximo R$220,00;Internado tudo coberto
Pessoa Física - PF;Flex 1;30%;Regional;Apartamento;59;120;3;2739,42;R$ 45,00;R$1,00 até no máximo R$220,00;Internado tudo coberto
Pessoa Física - PF;Flex 1;30%;Regional;Apartamento;0;18;4+;577,08;R$ 45,00;R$1,00 até no máximo R$220,00;Internado tudo coberto
Pessoa Física - PF;Flex 1;30%;Regional;Apartamento;19;23;4+;657,76;R$ 45,00;R$1,00 até no máximo R$220,00;Internado tudo coberto
Pessoa Física - PF;Flex 1;30%;Regional;Apartamento;24;28;4+;720,97;R$ 45,00;R$1,00 até no máximo R$220,00;Internado tudo coberto
Pessoa Física - PF;Flex 1;30%;Regional;Apartamento;29;33;4+;776,77;R$ 45,00;R$1,00 até no máximo R$220,00;Internado tudo coberto
Pessoa Física - PF;Flex 1;30%;Regional;Apartamento;34;38;4+;851,5;R$ 45,00;R$1,00 até no máximo R$220,00;Internado tudo coberto
Pessoa Física - PF;Flex 1;30%;Regional;Apartamento;39;43;4+;1057,14;R$ 45,00;R$1,00 até no máximo R$220,00;Internado tudo coberto
Pessoa Física - PF;Flex 1;30%;Regional;Apartamento;44;48;4+;1222,79;R$ 45,00;R$1,00 até no máximo R$220,00;Internado tudo coberto
Pessoa Física - PF;Flex 1;30%;Regional;Apartamento;49;53;4+;1610,78;R$ 45,00;R$1,00 até no máximo R$220,00;Internado tudo coberto
Pessoa Física - PF;Flex 1;30%;Regional;Apartamento;54;58;4+;2053,74;R$ 45,00;R$1,00 até no máximo R$220,00;Internado tudo coberto
Pessoa Física - PF;Flex 1;30%;Regional;Apartamento;59;120;4+;2578,27;R$ 45,00;R$1,00 até no máximo R$220,00;Internado tudo coberto
Pessoa Física - PF;Amigo;50%;Nacional;Enfermaria;0;18;1;475,11;R$ 75,00;R$1,00 até no máximo R$220,00;Internado tudo coberto
Pessoa Física - PF;Amigo;50%;Nacional;Enfermaria;19;23;1;516,92;R$ 75,00;R$1,00 até no máximo R$220,00;Internado tudo coberto
Pessoa Física - PF;Amigo;50%;Nacional;Enfermaria;24;28;1;596,89;R$ 75,00;R$1,00 até no máximo R$220,00;Internado tudo coberto
Pessoa Física - PF;Amigo;50%;Nacional;Enfermaria;29;33;1;671,14;R$ 75,00;R$1,00 até no máximo R$220,00;Internado tudo coberto
Pessoa Física - PF;Amigo;50%;Nacional;Enfermaria;34;38;1;771,48;R$ 75,00;R$1,00 até no máximo R$220,00;Internado tudo coberto
Pessoa Física - PF;Amigo;50%;Nacional;Enfermaria;39;43;1;869,61;R$ 75,00;R$1,00 até no máximo R$220,00;Internado tudo coberto
Pessoa Física - PF;Amigo;50%;Nacional;Enfermaria;44;48;1;1077,19;R$ 75,00;R$1,00 até no máximo R$220,00;Internado tudo coberto
Pessoa Física - PF;Amigo;50%;Nacional;Enfermaria;49;53;1;1350,26;R$ 75,00;R$1,00 até no máximo R$220,00;Internado tudo coberto
Pessoa Física - PF;Amigo;50%;Nacional;Enfermaria;54;58;1;1692,42;R$ 75,00;R$1,00 até no máximo R$220,00;Internado tudo coberto
Pessoa Física - PF;Amigo;50%;Nacional;Enfermaria;59;120;1;2075,08;R$ 75,00;R$1,00 até no máximo R$220,00;Internado tudo coberto
Pessoa Física - PF;Amigo;50%;Nacional;Enfermaria;0;18;2;427,6;R$ 75,00;R$1,00 até no máximo R$220,00;Internado tudo coberto
Pessoa Física - PF;Amigo;50%;Nacional;Enfermaria;19;23;2;465,23;R$ 75,00;R$1,00 até no máximo R$220,00;Internado tudo coberto
Pessoa Física - PF;Amigo;50%;Nacional;Enfermaria;24;28;2;537,2;R$ 75,00;R$1,00 até no máximo R$220,00;Internado tudo coberto
Pessoa Física - PF;Amigo;50%;Nacional;Enfermaria;29;33;2;604,03;R$ 75,00;R$1,00 até no máximo R$220,00;Internado tudo coberto
Pessoa Física - PF;Amigo;50%;Nacional;Enfermaria;34;38;2;694,33;R$ 75,00;R$1,00 até no máximo R$220,00;Internado tudo coberto
Pessoa Física - PF;Amigo;50%;Nacional;Enfermaria;39;43;2;782,65;R$ 75,00;R$1,00 até no máximo R$220,00;Internado tudo coberto
Pessoa Física - PF;Amigo;50%;Nacional;Enfermaria;44;48;2;969,47;R$ 75,00;R$1,00 até no máximo R$220,00;Internado tudo coberto
Pessoa Física - PF;Amigo;50%;Nacional;Enfermaria;49;53;2;1215,23;R$ 75,00;R$1,00 até no máximo R$220,00;Internado tudo coberto
Pessoa Física - PF;Amigo;50%;Nacional;Enfermaria;54;58;2;1523,17;R$ 75,00;R$1,00 até no máximo R$220,00;Internado tudo coberto
Pessoa Física - PF;Amigo;50%;Nacional;Enfermaria;59;120;2;1867,56;R$ 75,00;R$1,00 até no máximo R$220,00;Internado tudo coberto
Pessoa Física - PF;Amigo;50%;Nacional;Enfermaria;0;18;3;403,84;R$ 75,00;R$1,00 até no máximo R$220,00;Internado tudo coberto
Pessoa Física - PF;Amigo;50%;Nacional;Enfermaria;19;23;3;439,38;R$ 75,00;R$1,00 até no máximo R$220,00;Internado tudo coberto
Pessoa Física - PF;Amigo;50%;Nacional;Enfermaria;24;28;3;507,35;R$ 75,00;R$1,00 até no máximo R$220,00;Internado tudo coberto
Pessoa Física - PF;Amigo;50%;Nacional;Enfermaria;29;33;3;570,46;R$ 75,00;R$1,00 até no máximo R$220,00;Internado tudo coberto
Pessoa Física - PF;Amigo;50%;Nacional;Enfermaria;34;38;3;655,74;R$ 75,00;R$1,00 até no máximo R$220,00;Internado tudo coberto
Pessoa Física - PF;Amigo;50%;Nacional;Enfermaria;39;43;3;739,15;R$ 75,00;R$1,00 até no máximo R$220,00;Internado tudo coberto
Pessoa Física - PF;Amigo;50%;Nacional;Enfermaria;44;48;3;915,59;R$ 75,00;R$1,00 até no máximo R$220,00;Internado tudo coberto
Pessoa Física - PF;Amigo;50%;Nacional;Enfermaria;49;53;3;1147,69;R$ 75,00;R$1,00 até no máximo R$220,00;Internado tudo coberto
Pessoa Física - PF;Amigo;50%;Nacional;Enfermaria;54;58;3;1438,51;R$ 75,00;R$1,00 até no máximo R$220,00;Internado tudo coberto
Pessoa Física - PF;Amigo;50%;Nacional;Enfermaria;59;120;3;1763,76;R$ 75,00;R$1,00 até no máximo R$220,00;Internado tudo coberto
Pessoa Física - PF;Amigo;50%;Nacional;Enfermaria;0;18;4+;380,09;R$ 75,00;R$1,00 até no máximo R$220,00;Internado tudo coberto
Pessoa Física - PF;Amigo;50%;Nacional;Enfermaria;19;23;4+;413,54;R$ 75,00;R$1,00 até no máximo R$220,00;Internado tudo coberto
Pessoa Física - PF;Amigo;50%;Nacional;Enfermaria;24;28;4+;477,51;R$ 75,00;R$1,00 até no máximo R$220,00;Internado tudo coberto
Pessoa Física - PF;Amigo;50%;Nacional;Enfermaria;29;33;4+;536,91;R$ 75,00;R$1,00 até no máximo R$220,00;Internado tudo coberto
Pessoa Física - PF;Amigo;50%;Nacional;Enfermaria;34;38;4+;617,18;R$ 75,00;R$1,00 até no máximo R$220,00;Internado tudo coberto
Pessoa Física - PF;Amigo;50%;Nacional;Enfermaria;39;43;4+;695,69;R$ 75,00;R$1,00 até no máximo R$220,00;Internado tudo coberto
Pessoa Física - PF;Amigo;50%;Nacional;Enfermaria;44;48;4+;861,75;R$ 75,00;R$1,00 até no máximo R$220,00;Internado tudo coberto
Pessoa Física - PF;Amigo;50%;Nacional;Enfermaria;49;53;4+;1080,2;R$ 75,00;R$1,00 até no máximo R$220,00;Internado tudo coberto
Pessoa Física - PF;Amigo;50%;Nacional;Enfermaria;54;58;4+;1353,92;R$ 75,00;R$1,00 até no máximo R$220,00;Internado tudo coberto
Pessoa Física - PF;Amigo;50%;Nacional;Enfermaria;59;120;4+;1660,04;R$ 75,00;R$1,00 até no máximo R$220,00;Internado tudo coberto
Pessoa Física - PF;Amigo;50%;Nacional;Apartamento;0;18;1;638,55;R$ 75,00;R$1,00 até no máximo R$220,00;Internado tudo coberto
Pessoa Física - PF;Amigo;50%;Nacional;Apartamento;19;23;1;694,74;R$ 75,00;R$1,00 até no máximo R$220,00;Internado tudo coberto
Pessoa Física - PF;Amigo;50%;Nacional;Apartamento;24;28;1;776,23;R$ 75,00;R$1,00 até no máximo R$220,00;Internado tudo coberto
Pessoa Física - PF;Amigo;50%;Nacional;Apartamento;29;33;1;849,43;R$ 75,00;R$1,00 até no máximo R$220,00;Internado tudo coberto
Pessoa Física - PF;Amigo;50%;Nacional;Apartamento;34;38;1;949,66;R$ 75,00;R$1,00 até no máximo R$220,00;Internado tudo coberto
Pessoa Física - PF;Amigo;50%;Nacional;Apartamento;39;43;1;1146,14;R$ 75,00;R$1,00 até no máximo R$220,00;Internado tudo coberto
Pessoa Física - PF;Amigo;50%;Nacional;Apartamento;44;48;1;1337,32;R$ 75,00;R$1,00 até no máximo R$220,00;Internado tudo coberto
Pessoa Física - PF;Amigo;50%;Nacional;Apartamento;49;53;1;1779,97;R$ 75,00;R$1,00 até no máximo R$220,00;Internado tudo coberto
Pessoa Física - PF;Amigo;50%;Nacional;Apartamento;54;58;1;2254,15;R$ 75,00;R$1,00 até no máximo R$220,00;Internado tudo coberto
Pessoa Física - PF;Amigo;50%;Nacional;Apartamento;59;120;1;2788,61;R$ 75,00;R$1,00 até no máximo R$220,00;Internado tudo coberto
Pessoa Física - PF;Amigo;50%;Nacional;Apartamento;0;18;2;574,7;R$ 75,00;R$1,00 até no máximo R$220,00;Internado tudo coberto
Pessoa Física - PF;Amigo;50%;Nacional;Apartamento;19;23;2;625,27;R$ 75,00;R$1,00 até no máximo R$220,00;Internado tudo coberto
Pessoa Física - PF;Amigo;50%;Nacional;Apartamento;24;28;2;698,61;R$ 75,00;R$1,00 até no máximo R$220,00;Internado tudo coberto
Pessoa Física - PF;Amigo;50%;Nacional;Apartamento;29;33;2;764,49;R$ 75,00;R$1,00 até no máximo R$220,00;Internado tudo coberto
Pessoa Física - PF;Amigo;50%;Nacional;Apartamento;34;38;2;854,7;R$ 75,00;R$1,00 até no máximo R$220,00;Internado tudo coberto
Pessoa Física - PF;Amigo;50%;Nacional;Apartamento;39;43;2;1031,54;R$ 75,00;R$1,00 até no máximo R$220,00;Internado tudo coberto
Pessoa Física - PF;Amigo;50%;Nacional;Apartamento;44;48;2;1203,6;R$ 75,00;R$1,00 até no máximo R$220,00;Internado tudo coberto
Pessoa Física - PF;Amigo;50%;Nacional;Apartamento;49;53;2;1601,99;R$ 75,00;R$1,00 até no máximo R$220,00;Internado tudo coberto
Pessoa Física - PF;Amigo;50%;Nacional;Apartamento;54;58;2;2028,76;R$ 75,00;R$1,00 até no máximo R$220,00;Internado tudo coberto
Pessoa Física - PF;Amigo;50%;Nacional;Apartamento;59;120;2;2509,78;R$ 75,00;R$1,00 até no máximo R$220,00;Internado tudo coberto
Pessoa Física - PF;Amigo;50%;Nacional;Apartamento;0;18;3;542,77;R$ 75,00;R$1,00 até no máximo R$220,00;Internado tudo coberto
Pessoa Física - PF;Amigo;50%;Nacional;Apartamento;19;23;3;590,53;R$ 75,00;R$1,00 até no máximo R$220,00;Internado tudo coberto
Pessoa Física - PF;Amigo;50%;Nacional;Apartamento;24;28;3;659,8;R$ 75,00;R$1,00 até no máximo R$220,00;Internado tudo coberto
Pessoa Física - PF;Amigo;50%;Nacional;Apartamento;29;33;3;722,02;R$ 75,00;R$1,00 até no máximo R$220,00;Internado tudo coberto
Pessoa Física - PF;Amigo;50%;Nacional;Apartamento;34;38;3;807,22;R$ 75,00;R$1,00 até no máximo R$220,00;Internado tudo coberto
Pessoa Física - PF;Amigo;50%;Nacional;Apartamento;39;43;3;974,23;R$ 75,00;R$1,00 até no máximo R$220,00;Internado tudo coberto
Pessoa Física - PF;Amigo;50%;Nacional;Apartamento;44;48;3;1136,73;R$ 75,00;R$1,00 até no máximo R$220,00;Internado tudo coberto
Pessoa Física - PF;Amigo;50%;Nacional;Apartamento;49;53;3;1512,99;R$ 75,00;R$1,00 até no máximo R$220,00;Internado tudo coberto
Pessoa Física - PF;Amigo;50%;Nacional;Apartamento;54;58;3;1916,05;R$ 75,00;R$1,00 até no máximo R$220,00;Internado tudo coberto
Pessoa Física - PF;Amigo;50%;Nacional;Apartamento;59;120;3;2370,35;R$ 75,00;R$1,00 até no máximo R$220,00;Internado tudo coberto
Pessoa Física - PF;Amigo;50%;Nacional;Apartamento;0;18;4+;510,84;R$ 75,00;R$1,00 até no máximo R$220,00;Internado tudo coberto
Pessoa Física - PF;Amigo;50%;Nacional;Apartamento;19;23;4+;555,79;R$ 75,00;R$1,00 até no máximo R$220,00;Internado tudo coberto
Pessoa Física - PF;Amigo;50%;Nacional;Apartamento;24;28;4+;620,98;R$ 75,00;R$1,00 até no máximo R$220,00;Internado tudo coberto
Pessoa Física - PF;Amigo;50%;Nacional;Apartamento;29;33;4+;679,54;R$ 75,00;R$1,00 até no máximo R$220,00;Internado tudo coberto
Pessoa Física - PF;Amigo;50%;Nacional;Apartamento;34;38;4+;759,73;R$ 75,00;R$1,00 até no máximo R$220,00;Internado tudo coberto
Pessoa Física - PF;Amigo;50%;Nacional;Apartamento;39;43;4+;916,92;R$ 75,00;R$1,00 até no máximo R$220,00;Internado tudo coberto
Pessoa Física - PF;Amigo;50%;Nacional;Apartamento;44;48;4+;1069,86;R$ 75,00;R$1,00 até no máximo R$220,00;Internado tudo coberto
Pessoa Física - PF;Amigo;50%;Nacional;Apartamento;49;53;4+;1423,98;R$ 75,00;R$1,00 até no máximo R$220,00;Internado tudo coberto
Pessoa Física - PF;Amigo;50%;Nacional;Apartamento;54;58;4+;1803,33;R$ 75,00;R$1,00 até no máximo R$220,00;Internado tudo coberto
Pessoa Física - PF;Amigo;50%;Nacional;Apartamento;59;120;4+;2230,9;R$ 75,00;R$1,00 até no máximo R$220,00;Internado tudo coberto
Pessoa Física - PF;Flex Smart 1;50%;Regional;Enfermaria;0;18;1;317,54;R$ 75,00;R$1,00 até no máximo R$220,00;Consultar diária de internação
Pessoa Física - PF;Flex Smart 1;50%;Regional;Enfermaria;19;23;1;383,37;R$ 75,00;R$1,00 até no máximo R$220,00;Consultar diária de internação
Pessoa Física - PF;Flex Smart 1;50%;Regional;Enfermaria;24;28;1;436,85;R$ 75,00;R$1,00 até no máximo R$220,00;Consultar diária de internação
Pessoa Física - PF;Flex Smart 1;50%;Regional;Enfermaria;29;33;1;486;R$ 75,00;R$1,00 até no máximo R$220,00;Consultar diária de internação
Pessoa Física - PF;Flex Smart 1;50%;Regional;Enfermaria;34;38;1;549,81;R$ 75,00;R$1,00 até no máximo R$220,00;Consultar diária de internação
Pessoa Física - PF;Flex Smart 1;50%;Regional;Enfermaria;39;43;1;612,82;R$ 75,00;R$1,00 até no máximo R$220,00;Consultar diária de internação
Pessoa Física - PF;Flex Smart 1;50%;Regional;Enfermaria;44;48;1;729,62;R$ 75,00;R$1,00 até no máximo R$220,00;Consultar diária de internação
Pessoa Física - PF;Flex Smart 1;50%;Regional;Enfermaria;49;53;1;918,74;R$ 75,00;R$1,00 até no máximo R$220,00;Consultar diária de internação
Pessoa Física - PF;Flex Smart 1;50%;Regional;Enfermaria;54;58;1;1165,42;R$ 75,00;R$1,00 até no máximo R$220,00;Consultar diária de internação
Pessoa Física - PF;Flex Smart 1;50%;Regional;Enfermaria;59;120;1;1662,47;R$ 75,00;R$1,00 até no máximo R$220,00;Consultar diária de internação
Pessoa Física - PF;Flex Smart 1;50%;Regional;Enfermaria;0;18;2;285,79;R$ 75,00;R$1,00 até no máximo R$220,00;Consultar diária de internação
Pessoa Física - PF;Flex Smart 1;50%;Regional;Enfermaria;19;23;2;345,03;R$ 75,00;R$1,00 até no máximo R$220,00;Consultar diária de internação
Pessoa Física - PF;Flex Smart 1;50%;Regional;Enfermaria;24;28;2;393,16;R$ 75,00;R$1,00 até no máximo R$220,00;Consultar diária de internação
Pessoa Física - PF;Flex Smart 1;50%;Regional;Enfermaria;29;33;2;437,39;R$ 75,00;R$1,00 até no máximo R$220,00;Consultar diária de internação
Pessoa Física - PF;Flex Smart 1;50%;Regional;Enfermaria;34;38;2;494,82;R$ 75,00;R$1,00 até no máximo R$220,00;Consultar diária de internação
Pessoa Física - PF;Flex Smart 1;50%;Regional;Enfermaria;39;43;2;551,53;R$ 75,00;R$1,00 até no máximo R$220,00;Consultar diária de internação
Pessoa Física - PF;Flex Smart 1;50%;Regional;Enfermaria;44;48;2;656,65;R$ 75,00;R$1,00 até no máximo R$220,00;Consultar diária de internação
Pessoa Física - PF;Flex Smart 1;50%;Regional;Enfermaria;49;53;2;826,85;R$ 75,00;R$1,00 até no máximo R$220,00;Consultar diária de internação
Pessoa Física - PF;Flex Smart 1;50%;Regional;Enfermaria;54;58;2;1048,86;R$ 75,00;R$1,00 até no máximo R$220,00;Consultar diária de internação
Pessoa Física - PF;Flex Smart 1;50%;Regional;Enfermaria;59;120;2;1496,2;R$ 75,00;R$1,00 até no máximo R$220,00;Consultar diária de internação
Pessoa Física - PF;Flex Smart 1;50%;Regional;Enfermaria;0;18;3;269,91;R$ 75,00;R$1,00 até no máximo R$220,00;Consultar diária de internação
Pessoa Física - PF;Flex Smart 1;50%;Regional;Enfermaria;19;23;3;325,86;R$ 75,00;R$1,00 até no máximo R$220,00;Consultar diária de internação
Pessoa Física - PF;Flex Smart 1;50%;Regional;Enfermaria;24;28;3;371,32;R$ 75,00;R$1,00 até no máximo R$220,00;Consultar diária de internação
Pessoa Física - PF;Flex Smart 1;50%;Regional;Enfermaria;29;33;3;413,09;R$ 75,00;R$1,00 até no máximo R$220,00;Consultar diária de internação
Pessoa Física - PF;Flex Smart 1;50%;Regional;Enfermaria;34;38;3;467,33;R$ 75,00;R$1,00 até no máximo R$220,00;Consultar diária de internação
Pessoa Física - PF;Flex Smart 1;50%;Regional;Enfermaria;39;43;3;520,89;R$ 75,00;R$1,00 até no máximo R$220,00;Consultar diária de internação
Pessoa Física - PF;Flex Smart 1;50%;Regional;Enfermaria;44;48;3;620,17;R$ 75,00;R$1,00 até no máximo R$220,00;Consultar diária de internação
Pessoa Física - PF;Flex Smart 1;50%;Regional;Enfermaria;49;53;3;780,92;R$ 75,00;R$1,00 até no máximo R$220,00;Consultar diária de internação
Pessoa Física - PF;Flex Smart 1;50%;Regional;Enfermaria;54;58;3;990,6;R$ 75,00;R$1,00 até no máximo R$220,00;Consultar diária de internação
Pessoa Física - PF;Flex Smart 1;50%;Regional;Enfermaria;59;120;3;1413,09;R$ 75,00;R$1,00 até no máximo R$220,00;Consultar diária de internação
Pessoa Física - PF;Flex Smart 1;50%;Regional;Enfermaria;0;18;4+;254,03;R$ 75,00;R$1,00 até no máximo R$220,00;Consultar diária de internação
Pessoa Física - PF;Flex Smart 1;50%;Regional;Enfermaria;19;23;4+;306,69;R$ 75,00;R$1,00 até no máximo R$220,00;Consultar diária de internação
Pessoa Física - PF;Flex Smart 1;50%;Regional;Enfermaria;24;28;4+;349,47;R$ 75,00;R$1,00 até no máximo R$220,00;Consultar diária de internação
Pessoa Física - PF;Flex Smart 1;50%;Regional;Enfermaria;29;33;4+;388,79;R$ 75,00;R$1,00 até no máximo R$220,00;Consultar diária de internação
Pessoa Física - PF;Flex Smart 1;50%;Regional;Enfermaria;34;38;4+;439,84;R$ 75,00;R$1,00 até no máximo R$220,00;Consultar diária de internação
Pessoa Física - PF;Flex Smart 1;50%;Regional;Enfermaria;39;43;4+;490,25;R$ 75,00;R$1,00 até no máximo R$220,00;Consultar diária de internação
Pessoa Física - PF;Flex Smart 1;50%;Regional;Enfermaria;44;48;4+;583,69;R$ 75,00;R$1,00 até no máximo R$220,00;Consultar diária de internação
Pessoa Física - PF;Flex Smart 1;50%;Regional;Enfermaria;49;53;4+;734,98;R$ 75,00;R$1,00 até no máximo R$220,00;Consultar diária de internação
Pessoa Física - PF;Flex Smart 1;50%;Regional;Enfermaria;54;58;4+;932,32;R$ 75,00;R$1,00 até no máximo R$220,00;Consultar diária de internação
Pessoa Física - PF;Flex Smart 1;50%;Regional;Enfermaria;59;120;4+;1329,95;R$ 75,00;R$1,00 até no máximo R$220,00;Consultar diária de internação
Pessoa Física - PF;Flex Smart 1;50%;Regional;Apartamento;0;18;1;474,07;R$ 75,00;R$1,00 até no máximo R$220,00;Consultar diária de internação
Pessoa Física - PF;Flex Smart 1;50%;Regional;Apartamento;19;23;1;540,34;R$ 75,00;R$1,00 até no máximo R$220,00;Consultar diária de internação
Pessoa Física - PF;Flex Smart 1;50%;Regional;Apartamento;24;28;1;592,27;R$ 75,00;R$1,00 até no máximo R$220,00;Consultar diária de internação
Pessoa Física - PF;Flex Smart 1;50%;Regional;Apartamento;29;33;1;638,11;R$ 75,00;R$1,00 até no máximo R$220,00;Consultar diária de internação
Pessoa Física - PF;Flex Smart 1;50%;Regional;Apartamento;34;38;1;699,5;R$ 75,00;R$1,00 até no máximo R$220,00;Consultar diária de internação
Pessoa Física - PF;Flex Smart 1;50%;Regional;Apartamento;39;43;1;868,43;R$ 75,00;R$1,00 até no máximo R$220,00;Consultar diária de internação
Pessoa Física - PF;Flex Smart 1;50%;Regional;Apartamento;44;48;1;1004,51;R$ 75,00;R$1,00 até no máximo R$220,00;Consultar diária de internação
Pessoa Física - PF;Flex Smart 1;50%;Regional;Apartamento;49;53;1;1323,24;R$ 75,00;R$1,00 até no máximo R$220,00;Consultar diária de internação
Pessoa Física - PF;Flex Smart 1;50%;Regional;Apartamento;54;58;1;1687,13;R$ 75,00;R$1,00 até no máximo R$220,00;Consultar diária de internação
Pessoa Física - PF;Flex Smart 1;50%;Regional;Apartamento;59;120;1;2118,02;R$ 75,00;R$1,00 até no máximo R$220,00;Consultar diária de internação
Pessoa Física - PF;Flex Smart 1;50%;Regional;Apartamento;0;18;2;426,66;R$ 75,00;R$1,00 até no máximo R$220,00;Consultar diária de internação
Pessoa Física - PF;Flex Smart 1;50%;Regional;Apartamento;19;23;2;486,31;R$ 75,00;R$1,00 até no máximo R$220,00;Consultar diária de internação
Pessoa Física - PF;Flex Smart 1;50%;Regional;Apartamento;24;28;2;533,04;R$ 75,00;R$1,00 até no máximo R$220,00;Consultar diária de internação
Pessoa Física - PF;Flex Smart 1;50%;Regional;Apartamento;29;33;2;574,3;R$ 75,00;R$1,00 até no máximo R$220,00;Consultar diária de internação
Pessoa Física - PF;Flex Smart 1;50%;Regional;Apartamento;34;38;2;629,55;R$ 75,00;R$1,00 até no máximo R$220,00;Consultar diária de internação
Pessoa Física - PF;Flex Smart 1;50%;Regional;Apartamento;39;43;2;781,59;R$ 75,00;R$1,00 até no máximo R$220,00;Consultar diária de internação
Pessoa Física - PF;Flex Smart 1;50%;Regional;Apartamento;44;48;2;904,07;R$ 75,00;R$1,00 até no máximo R$220,00;Consultar diária de internação
Pessoa Física - PF;Flex Smart 1;50%;Regional;Apartamento;49;53;2;1190,93;R$ 75,00;R$1,00 até no máximo R$220,00;Consultar diária de internação
Pessoa Física - PF;Flex Smart 1;50%;Regional;Apartamento;54;58;2;1518,44;R$ 75,00;R$1,00 até no máximo R$220,00;Consultar diária de internação
Pessoa Física - PF;Flex Smart 1;50%;Regional;Apartamento;59;120;2;1906,25;R$ 75,00;R$1,00 até no máximo R$220,00;Consultar diária de internação
Pessoa Física - PF;Flex Smart 1;50%;Regional;Apartamento;0;18;3;402,96;R$ 75,00;R$1,00 até no máximo R$220,00;Consultar diária de internação
Pessoa Física - PF;Flex Smart 1;50%;Regional;Apartamento;19;23;3;459,29;R$ 75,00;R$1,00 até no máximo R$220,00;Consultar diária de internação
Pessoa Física - PF;Flex Smart 1;50%;Regional;Apartamento;24;28;3;503,43;R$ 75,00;R$1,00 até no máximo R$220,00;Consultar diária de internação
Pessoa Física - PF;Flex Smart 1;50%;Regional;Apartamento;29;33;3;542,4;R$ 75,00;R$1,00 até no máximo R$220,00;Consultar diária de internação
Pessoa Física - PF;Flex Smart 1;50%;Regional;Apartamento;34;38;3;594,58;R$ 75,00;R$1,00 até no máximo R$220,00;Consultar diária de internação
Pessoa Física - PF;Flex Smart 1;50%;Regional;Apartamento;39;43;3;738,17;R$ 75,00;R$1,00 até no máximo R$220,00;Consultar diária de internação
Pessoa Física - PF;Flex Smart 1;50%;Regional;Apartamento;44;48;3;853,84;R$ 75,00;R$1,00 até no máximo R$220,00;Consultar diária de internação
Pessoa Física - PF;Flex Smart 1;50%;Regional;Apartamento;49;53;3;1124,76;R$ 75,00;R$1,00 até no máximo R$220,00;Consultar diária de internação
Pessoa Física - PF;Flex Smart 1;50%;Regional;Apartamento;54;58;3;1434,07;R$ 75,00;R$1,00 até no máximo R$220,00;Consultar diária de internação
Pessoa Física - PF;Flex Smart 1;50%;Regional;Apartamento;59;120;3;1800,33;R$ 75,00;R$1,00 até no máximo R$220,00;Consultar diária de internação
Pessoa Física - PF;Flex Smart 1;50%;Regional;Apartamento;0;18;4+;379,26;R$ 75,00;R$1,00 até no máximo R$220,00;Consultar diária de internação
Pessoa Física - PF;Flex Smart 1;50%;Regional;Apartamento;19;23;4+;432,28;R$ 75,00;R$1,00 até no máximo R$220,00;Consultar diária de internação
Pessoa Física - PF;Flex Smart 1;50%;Regional;Apartamento;24;28;4+;473,82;R$ 75,00;R$1,00 até no máximo R$220,00;Consultar diária de internação
Pessoa Física - PF;Flex Smart 1;50%;Regional;Apartamento;29;33;4+;510,49;R$ 75,00;R$1,00 até no máximo R$220,00;Consultar diária de internação
Pessoa Física - PF;Flex Smart 1;50%;Regional;Apartamento;34;38;4+;559,6;R$ 75,00;R$1,00 até no máximo R$220,00;Consultar diária de internação
Pessoa Física - PF;Flex Smart 1;50%;Regional;Apartamento;39;43;4+;694,74;R$ 75,00;R$1,00 até no máximo R$220,00;Consultar diária de internação
Pessoa Física - PF;Flex Smart 1;50%;Regional;Apartamento;44;48;4+;803,61;R$ 75,00;R$1,00 até no máximo R$220,00;Consultar diária de internação
Pessoa Física - PF;Flex Smart 1;50%;Regional;Apartamento;49;53;4+;1058,6;R$ 75,00;R$1,00 até no máximo R$220,00;Consultar diária de internação
Pessoa Física - PF;Flex Smart 1;50%;Regional;Apartamento;54;58;4+;1349,72;R$ 75,00;R$1,00 até no máximo R$220,00;Consultar diária de internação
Pessoa Física - PF;Flex Smart 1;50%;Regional;Apartamento;59;120;4+;1694,44;R$ 75,00;R$1,00 até no máximo R$220,00;Consultar diária de internação
Pessoa Física - PF;Pleno;30%;Regional;Enfermaria;0;18;1;332,92;R$ 45,00;R$1,00 até no máximo R$220,00;Internado tudo coberto
Pessoa Física - PF;Pleno;30%;Regional;Enfermaria;19;23;1;401,93;R$ 45,00;R$1,00 até no máximo R$220,00;Internado tudo coberto
Pessoa Física - PF;Pleno;30%;Regional;Enfermaria;24;28;1;458;R$ 45,00;R$1,00 até no máximo R$220,00;Internado tudo coberto
Pessoa Física - PF;Pleno;30%;Regional;Enfermaria;29;33;1;509,53;R$ 45,00;R$1,00 até no máximo R$220,00;Internado tudo coberto
Pessoa Física - PF;Pleno;30%;Regional;Enfermaria;34;38;1;576,43;R$ 45,00;R$1,00 até no máximo R$220,00;Internado tudo coberto
Pessoa Física - PF;Pleno;30%;Regional;Enfermaria;39;43;1;642,49;R$ 45,00;R$1,00 até no máximo R$220,00;Internado tudo coberto
Pessoa Física - PF;Pleno;30%;Regional;Enfermaria;44;48;1;764,95;R$ 45,00;R$1,00 até no máximo R$220,00;Internado tudo coberto
Pessoa Física - PF;Pleno;30%;Regional;Enfermaria;49;53;1;963,23;R$ 45,00;R$1,00 até no máximo R$220,00;Internado tudo coberto
Pessoa Física - PF;Pleno;30%;Regional;Enfermaria;54;58;1;1221,86;R$ 45,00;R$1,00 até no máximo R$220,00;Internado tudo coberto
Pessoa Física - PF;Pleno;30%;Regional;Enfermaria;59;120;1;1742,98;R$ 45,00;R$1,00 até no máximo R$220,00;Internado tudo coberto
Pessoa Física - PF;Pleno;30%;Regional;Enfermaria;0;18;2;299,63;R$ 45,00;R$1,00 até no máximo R$220,00;Internado tudo coberto
Pessoa Física - PF;Pleno;30%;Regional;Enfermaria;19;23;2;361,74;R$ 45,00;R$1,00 até no máximo R$220,00;Internado tudo coberto
Pessoa Física - PF;Pleno;30%;Regional;Enfermaria;24;28;2;412,2;R$ 45,00;R$1,00 até no máximo R$220,00;Internado tudo coberto
Pessoa Física - PF;Pleno;30%;Regional;Enfermaria;29;33;2;458,57;R$ 45,00;R$1,00 até no máximo R$220,00;Internado tudo coberto
Pessoa Física - PF;Pleno;30%;Regional;Enfermaria;34;38;2;518,78;R$ 45,00;R$1,00 até no máximo R$220,00;Internado tudo coberto
Pessoa Física - PF;Pleno;30%;Regional;Enfermaria;39;43;2;578,23;R$ 45,00;R$1,00 até no máximo R$220,00;Internado tudo coberto
Pessoa Física - PF;Pleno;30%;Regional;Enfermaria;44;48;2;688,44;R$ 45,00;R$1,00 até no máximo R$220,00;Internado tudo coberto
Pessoa Física - PF;Pleno;30%;Regional;Enfermaria;49;53;2;866,88;R$ 45,00;R$1,00 até no máximo R$220,00;Internado tudo coberto
Pessoa Física - PF;Pleno;30%;Regional;Enfermaria;54;58;2;1099,64;R$ 45,00;R$1,00 até no máximo R$220,00;Internado tudo coberto
Pessoa Física - PF;Pleno;30%;Regional;Enfermaria;59;120;2;1568,64;R$ 45,00;R$1,00 até no máximo R$220,00;Internado tudo coberto
Pessoa Física - PF;Pleno;30%;Regional;Enfermaria;0;18;3;282,98;R$ 45,00;R$1,00 até no máximo R$220,00;Internado tudo coberto
Pessoa Física - PF;Pleno;30%;Regional;Enfermaria;19;23;3;341,64;R$ 45,00;R$1,00 até no máximo R$220,00;Internado tudo coberto
Pessoa Física - PF;Pleno;30%;Regional;Enfermaria;24;28;3;389,3;R$ 45,00;R$1,00 até no máximo R$220,00;Internado tudo coberto
Pessoa Física - PF;Pleno;30%;Regional;Enfermaria;29;33;3;433,1;R$ 45,00;R$1,00 até no máximo R$220,00;Internado tudo coberto
Pessoa Física - PF;Pleno;30%;Regional;Enfermaria;34;38;3;489,97;R$ 45,00;R$1,00 até no máximo R$220,00;Internado tudo coberto
Pessoa Física - PF;Pleno;30%;Regional;Enfermaria;39;43;3;546,12;R$ 45,00;R$1,00 até no máximo R$220,00;Internado tudo coberto
Pessoa Física - PF;Pleno;30%;Regional;Enfermaria;44;48;3;650,21;R$ 45,00;R$1,00 até no máximo R$220,00;Internado tudo coberto
Pessoa Física - PF;Pleno;30%;Regional;Enfermaria;49;53;3;818,74;R$ 45,00;R$1,00 até no máximo R$220,00;Internado tudo coberto
Pessoa Física - PF;Pleno;30%;Regional;Enfermaria;54;58;3;1038,57;R$ 45,00;R$1,00 até no máximo R$220,00;Internado tudo coberto
Pessoa Física - PF;Pleno;30%;Regional;Enfermaria;59;120;3;1481,52;R$ 45,00;R$1,00 até no máximo R$220,00;Internado tudo coberto
Pessoa Física - PF;Pleno;30%;Regional;Enfermaria;0;18;4+;266,34;R$ 45,00;R$1,00 até no máximo R$220,00;Internado tudo coberto
Pessoa Física - PF;Pleno;30%;Regional;Enfermaria;19;23;4+;321,55;R$ 45,00;R$1,00 até no máximo R$220,00;Internado tudo coberto
Pessoa Física - PF;Pleno;30%;Regional;Enfermaria;24;28;4+;366,41;R$ 45,00;R$1,00 até no máximo R$220,00;Internado tudo coberto
Pessoa Física - PF;Pleno;30%;Regional;Enfermaria;29;33;4+;407,63;R$ 45,00;R$1,00 até no máximo R$220,00;Internado tudo coberto
Pessoa Física - PF;Pleno;30%;Regional;Enfermaria;34;38;4+;461,15;R$ 45,00;R$1,00 até no máximo R$220,00;Internado tudo coberto
Pessoa Física - PF;Pleno;30%;Regional;Enfermaria;39;43;4+;514;R$ 45,00;R$1,00 até no máximo R$220,00;Internado tudo coberto
Pessoa Física - PF;Pleno;30%;Regional;Enfermaria;44;48;4+;611,97;R$ 45,00;R$1,00 até no máximo R$220,00;Internado tudo coberto
Pessoa Física - PF;Pleno;30%;Regional;Enfermaria;49;53;4+;770,59;R$ 45,00;R$1,00 até no máximo R$220,00;Internado tudo coberto
Pessoa Física - PF;Pleno;30%;Regional;Enfermaria;54;58;4+;977,49;R$ 45,00;R$1,00 até no máximo R$220,00;Internado tudo coberto
Pessoa Física - PF;Pleno;30%;Regional;Enfermaria;59;120;4+;1394,39;R$ 45,00;R$1,00 até no máximo R$220,00;Internado tudo coberto
Pessoa Física - PF;Pleno;30%;Regional;Apartamento;0;18;1;504,71;R$ 45,00;R$1,00 até no máximo R$220,00;Internado tudo coberto
Pessoa Física - PF;Pleno;30%;Regional;Apartamento;19;23;1;575,27;R$ 45,00;R$1,00 até no máximo R$220,00;Internado tudo coberto
Pessoa Física - PF;Pleno;30%;Regional;Apartamento;24;28;1;630,55;R$ 45,00;R$1,00 até no máximo R$220,00;Internado tudo coberto
Pessoa Física - PF;Pleno;30%;Regional;Apartamento;29;33;1;679,35;R$ 45,00;R$1,00 até no máximo R$220,00;Internado tudo coberto
Pessoa Física - PF;Pleno;30%;Regional;Apartamento;34;38;1;744,7;R$ 45,00;R$1,00 até no máximo R$220,00;Internado tudo coberto
Pessoa Física - PF;Pleno;30%;Regional;Apartamento;39;43;1;924,55;R$ 45,00;R$1,00 até no máximo R$220,00;Internado tudo coberto
Pessoa Física - PF;Pleno;30%;Regional;Apartamento;44;48;1;1069,43;R$ 45,00;R$1,00 até no máximo R$220,00;Internado tudo coberto
Pessoa Física - PF;Pleno;30%;Regional;Apartamento;49;53;1;1408,76;R$ 45,00;R$1,00 até no máximo R$220,00;Internado tudo coberto
Pessoa Física - PF;Pleno;30%;Regional;Apartamento;54;58;1;1796,17;R$ 45,00;R$1,00 até no máximo R$220,00;Internado tudo coberto
Pessoa Física - PF;Pleno;30%;Regional;Apartamento;59;120;1;2254,91;R$ 45,00;R$1,00 até no máximo R$220,00;Internado tudo coberto
Pessoa Física - PF;Pleno;30%;Regional;Apartamento;0;18;2;454,24;R$ 45,00;R$1,00 até no máximo R$220,00;Internado tudo coberto
Pessoa Física - PF;Pleno;30%;Regional;Apartamento;19;23;2;517,74;R$ 45,00;R$1,00 até no máximo R$220,00;Internado tudo coberto
Pessoa Física - PF;Pleno;30%;Regional;Apartamento;24;28;2;567,49;R$ 45,00;R$1,00 até no máximo R$220,00;Internado tudo coberto
Pessoa Física - PF;Pleno;30%;Regional;Apartamento;29;33;2;611,41;R$ 45,00;R$1,00 até no máximo R$220,00;Internado tudo coberto
Pessoa Física - PF;Pleno;30%;Regional;Apartamento;34;38;2;670,23;R$ 45,00;R$1,00 até no máximo R$220,00;Internado tudo coberto
Pessoa Física - PF;Pleno;30%;Regional;Apartamento;39;43;2;832,09;R$ 45,00;R$1,00 até no máximo R$220,00;Internado tudo coberto
Pessoa Física - PF;Pleno;30%;Regional;Apartamento;44;48;2;962,48;R$ 45,00;R$1,00 até no máximo R$220,00;Internado tudo coberto
Pessoa Física - PF;Pleno;30%;Regional;Apartamento;49;53;2;1267,87;R$ 45,00;R$1,00 até no máximo R$220,00;Internado tudo coberto
Pessoa Física - PF;Pleno;30%;Regional;Apartamento;54;58;2;1616,53;R$ 45,00;R$1,00 até no máximo R$220,00;Internado tudo coberto
Pessoa Física - PF;Pleno;30%;Regional;Apartamento;59;120;2;2029,39;R$ 45,00;R$1,00 até no máximo R$220,00;Internado tudo coberto
Pessoa Física - PF;Pleno;30%;Regional;Apartamento;0;18;3;429;R$ 45,00;R$1,00 até no máximo R$220,00;Internado tudo coberto
Pessoa Física - PF;Pleno;30%;Regional;Apartamento;19;23;3;488,97;R$ 45,00;R$1,00 até no máximo R$220,00;Internado tudo coberto
Pessoa Física - PF;Pleno;30%;Regional;Apartamento;24;28;3;535,96;R$ 45,00;R$1,00 até no máximo R$220,00;Internado tudo coberto
Pessoa Física - PF;Pleno;30%;Regional;Apartamento;29;33;3;577,44;R$ 45,00;R$1,00 até no máximo R$220,00;Internado tudo coberto
Pessoa Física - PF;Pleno;30%;Regional;Apartamento;34;38;3;632,99;R$ 45,00;R$1,00 até no máximo R$220,00;Internado tudo coberto
Pessoa Física - PF;Pleno;30%;Regional;Apartamento;39;43;3;785,86;R$ 45,00;R$1,00 até no máximo R$220,00;Internado tudo coberto
Pessoa Física - PF;Pleno;30%;Regional;Apartamento;44;48;3;909;R$ 45,00;R$1,00 até no máximo R$220,00;Internado tudo coberto
Pessoa Física - PF;Pleno;30%;Regional;Apartamento;49;53;3;1197,43;R$ 45,00;R$1,00 até no máximo R$220,00;Internado tudo coberto
Pessoa Física - PF;Pleno;30%;Regional;Apartamento;54;58;3;1526,72;R$ 45,00;R$1,00 até no máximo R$220,00;Internado tudo coberto
Pessoa Física - PF;Pleno;30%;Regional;Apartamento;59;120;3;1916,64;R$ 45,00;R$1,00 até no máximo R$220,00;Internado tudo coberto
Pessoa Física - PF;Pleno;30%;Regional;Apartamento;0;18;4+;403,77;R$ 45,00;R$1,00 até no máximo R$220,00;Internado tudo coberto
Pessoa Física - PF;Pleno;30%;Regional;Apartamento;19;23;4+;460,22;R$ 45,00;R$1,00 até no máximo R$220,00;Internado tudo coberto
Pessoa Física - PF;Pleno;30%;Regional;Apartamento;24;28;4+;504,45;R$ 45,00;R$1,00 até no máximo R$220,00;Internado tudo coberto
Pessoa Física - PF;Pleno;30%;Regional;Apartamento;29;33;4+;543,49;R$ 45,00;R$1,00 até no máximo R$220,00;Internado tudo coberto
Pessoa Física - PF;Pleno;30%;Regional;Apartamento;34;38;4+;595,77;R$ 45,00;R$1,00 até no máximo R$220,00;Internado tudo coberto
Pessoa Física - PF;Pleno;30%;Regional;Apartamento;39;43;4+;739,65;R$ 45,00;R$1,00 até no máximo R$220,00;Internado tudo coberto
Pessoa Física - PF;Pleno;30%;Regional;Apartamento;44;48;4+;855,55;R$ 45,00;R$1,00 até no máximo R$220,00;Internado tudo coberto
Pessoa Física - PF;Pleno;30%;Regional;Apartamento;49;53;4+;1127,02;R$ 45,00;R$1,00 até no máximo R$220,00;Internado tudo coberto
Pessoa Física - PF;Pleno;30%;Regional;Apartamento;54;58;4+;1436,95;R$ 45,00;R$1,00 até no máximo R$220,00;Internado tudo coberto
Pessoa Física - PF;Pleno;30%;Regional;Apartamento;59;120;4+;1803,95;R$ 45,00;R$1,00 até no máximo R$220,00;Internado tudo coberto
Adesão - Genesis;Flex 1;50%;Regional;Enfermaria;0;18;1;220,3;R$ 67,50;R$1,00 até no máximo R$119,31;Internado tudo coberto
Adesão - Genesis;Flex 1;50%;Regional;Enfermaria;19;23;1;289,77;R$ 67,50;R$1,00 até no máximo R$119,31;Internado tudo coberto
Adesão - Genesis;Flex 1;50%;Regional;Enfermaria;24;28;1;330,2;R$ 67,50;R$1,00 até no máximo R$119,31;Internado tudo coberto
Adesão - Genesis;Flex 1;50%;Regional;Enfermaria;29;33;1;367,36;R$ 67,50;R$1,00 até no máximo R$119,31;Internado tudo coberto
Adesão - Genesis;Flex 1;50%;Regional;Enfermaria;34;38;1;415,6;R$ 67,50;R$1,00 até no máximo R$119,31;Internado tudo coberto
Adesão - Genesis;Flex 1;50%;Regional;Enfermaria;39;43;1;463,23;R$ 67,50;R$1,00 até no máximo R$119,31;Internado tudo coberto
Adesão - Genesis;Flex 1;50%;Regional;Enfermaria;44;48;1;551,52;R$ 67,50;R$1,00 até no máximo R$119,31;Internado tudo coberto
Adesão - Genesis;Flex 1;50%;Regional;Enfermaria;49;53;1;694,45;R$ 67,50;R$1,00 até no máximo R$119,31;Internado tudo coberto
Adesão - Genesis;Flex 1;50%;Regional;Enfermaria;54;58;1;880,93;R$ 67,50;R$1,00 até no máximo R$119,31;Internado tudo coberto
Adesão - Genesis;Flex 1;50%;Regional;Enfermaria;59;120;1;1256,65;R$ 67,50;R$1,00 até no máximo R$119,31;Internado tudo coberto
Adesão - Genesis;Flex 1;50%;Regional;Enfermaria;0;18;2;198,25;R$ 67,50;R$1,00 até no máximo R$119,31;Internado tudo coberto
Adesão - Genesis;Flex 1;50%;Regional;Enfermaria;19;23;2;260,78;R$ 67,50;R$1,00 até no máximo R$119,31;Internado tudo coberto
Adesão - Genesis;Flex 1;50%;Regional;Enfermaria;24;28;2;297,16;R$ 67,50;R$1,00 até no máximo R$119,31;Internado tudo coberto
Adesão - Genesis;Flex 1;50%;Regional;Enfermaria;29;33;2;330,59;R$ 67,50;R$1,00 até no máximo R$119,31;Internado tudo coberto
Adesão - Genesis;Flex 1;50%;Regional;Enfermaria;34;38;2;373,99;R$ 67,50;R$1,00 até no máximo R$119,31;Internado tudo coberto
Adesão - Genesis;Flex 1;50%;Regional;Enfermaria;39;43;2;416,85;R$ 67,50;R$1,00 até no máximo R$119,31;Internado tudo coberto
Adesão - Genesis;Flex 1;50%;Regional;Enfermaria;44;48;2;496,3;R$ 67,50;R$1,00 até no máximo R$119,31;Internado tudo coberto
Adesão - Genesis;Flex 1;50%;Regional;Enfermaria;49;53;2;624,94;R$ 67,50;R$1,00 até no máximo R$119,31;Internado tudo coberto
Adesão - Genesis;Flex 1;50%;Regional;Enfermaria;54;58;2;792,75;R$ 67,50;R$1,00 até no máximo R$119,31;Internado tudo coberto
Adesão - Genesis;Flex 1;50%;Regional;Enfermaria;59;120;2;1130,85;R$ 67,50;R$1,00 até no máximo R$119,31;Internado tudo coberto
Adesão - Genesis;Flex 1;50%;Regional;Enfermaria;0;18;3;185,04;R$ 67,50;R$1,00 até no máximo R$119,31;Internado tudo coberto
Adesão - Genesis;Flex 1;50%;Regional;Enfermaria;19;23;3;243,4;R$ 67,50;R$1,00 até no máximo R$119,31;Internado tudo coberto
Adesão - Genesis;Flex 1;50%;Regional;Enfermaria;24;28;3;277,36;R$ 67,50;R$1,00 até no máximo R$119,31;Internado tudo coberto
Adesão - Genesis;Flex 1;50%;Regional;Enfermaria;29;33;3;308,55;R$ 67,50;R$1,00 até no máximo R$119,31;Internado tudo coberto
Adesão - Genesis;Flex 1;50%;Regional;Enfermaria;34;38;3;349,07;R$ 67,50;R$1,00 até no máximo R$119,31;Internado tudo coberto
Adesão - Genesis;Flex 1;50%;Regional;Enfermaria;39;43;3;389,09;R$ 67,50;R$1,00 até no máximo R$119,31;Internado tudo coberto
Adesão - Genesis;Flex 1;50%;Regional;Enfermaria;44;48;3;463,25;R$ 67,50;R$1,00 até no máximo R$119,31;Internado tudo coberto
Adesão - Genesis;Flex 1;50%;Regional;Enfermaria;49;53;3;583,32;R$ 67,50;R$1,00 até no máximo R$119,31;Internado tudo coberto
Adesão - Genesis;Flex 1;50%;Regional;Enfermaria;54;58;3;739,93;R$ 67,50;R$1,00 até no máximo R$119,31;Internado tudo coberto
Adesão - Genesis;Flex 1;50%;Regional;Enfermaria;59;120;3;1055,52;R$ 67,50;R$1,00 até no máximo R$119,31;Internado tudo coberto
Adesão - Genesis;Flex 1;50%;Regional;Enfermaria;0;18;4+;171,83;R$ 67,50;R$1,00 até no máximo R$119,31;Internado tudo coberto
Adesão - Genesis;Flex 1;50%;Regional;Enfermaria;19;23;4+;226,02;R$ 67,50;R$1,00 até no máximo R$119,31;Internado tudo coberto
Adesão - Genesis;Flex 1;50%;Regional;Enfermaria;24;28;4+;257,55;R$ 67,50;R$1,00 até no máximo R$119,31;Internado tudo coberto
Adesão - Genesis;Flex 1;50%;Regional;Enfermaria;29;33;4+;286,53;R$ 67,50;R$1,00 até no máximo R$119,31;Internado tudo coberto
Adesão - Genesis;Flex 1;50%;Regional;Enfermaria;34;38;4+;324,15;R$ 67,50;R$1,00 até no máximo R$119,31;Internado tudo coberto
Adesão - Genesis;Flex 1;50%;Regional;Enfermaria;39;43;4+;361,31;R$ 67,50;R$1,00 até no máximo R$119,31;Internado tudo coberto
Adesão - Genesis;Flex 1;50%;Regional;Enfermaria;44;48;4+;430,13;R$ 67,50;R$1,00 até no máximo R$119,31;Internado tudo coberto
Adesão - Genesis;Flex 1;50%;Regional;Enfermaria;49;53;4+;541,67;R$ 67,50;R$1,00 até no máximo R$119,31;Internado tudo coberto
Adesão - Genesis;Flex 1;50%;Regional;Enfermaria;54;58;4+;687,11;R$ 67,50;R$1,00 até no máximo R$119,31;Internado tudo coberto
Adesão - Genesis;Flex 1;50%;Regional;Enfermaria;59;120;4+;980,16;R$ 67,50;R$1,00 até no máximo R$119,31;Internado tudo coberto
Adesão - Genesis;Flex 1;50%;Regional;Apartamento;0;18;1;277,35;R$ 67,50;R$1,00 até no máximo R$119,31;Internado tudo coberto
Adesão - Genesis;Flex 1;50%;Regional;Apartamento;19;23;1;408,43;R$ 67,50;R$1,00 até no máximo R$119,31;Internado tudo coberto
Adesão - Genesis;Flex 1;50%;Regional;Apartamento;24;28;1;447,68;R$ 67,50;R$1,00 até no máximo R$119,31;Internado tudo coberto
Adesão - Genesis;Flex 1;50%;Regional;Apartamento;29;33;1;482,33;R$ 67,50;R$1,00 até no máximo R$119,31;Internado tudo coberto
Adesão - Genesis;Flex 1;50%;Regional;Apartamento;34;38;1;528,74;R$ 67,50;R$1,00 até no máximo R$119,31;Internado tudo coberto
Adesão - Genesis;Flex 1;50%;Regional;Apartamento;39;43;1;656,42;R$ 67,50;R$1,00 até no máximo R$119,31;Internado tudo coberto
Adesão - Genesis;Flex 1;50%;Regional;Apartamento;44;48;1;759,27;R$ 67,50;R$1,00 até no máximo R$119,31;Internado tudo coberto
Adesão - Genesis;Flex 1;50%;Regional;Apartamento;49;53;1;1000,2;R$ 67,50;R$1,00 até no máximo R$119,31;Internado tudo coberto
Adesão - Genesis;Flex 1;50%;Regional;Apartamento;54;58;1;1275,25;R$ 67,50;R$1,00 até no máximo R$119,31;Internado tudo coberto
Adesão - Genesis;Flex 1;50%;Regional;Apartamento;59;120;1;1600,95;R$ 67,50;R$1,00 até no máximo R$119,31;Internado tudo coberto
Adesão - Genesis;Flex 1;50%;Regional;Apartamento;0;18;2;249,61;R$ 67,50;R$1,00 até no máximo R$119,31;Internado tudo coberto
Adesão - Genesis;Flex 1;50%;Regional;Apartamento;19;23;2;367,57;R$ 67,50;R$1,00 até no máximo R$119,31;Internado tudo coberto
Adesão - Genesis;Flex 1;50%;Regional;Apartamento;24;28;2;402,9;R$ 67,50;R$1,00 até no máximo R$119,31;Internado tudo coberto
Adesão - Genesis;Flex 1;50%;Regional;Apartamento;29;33;2;434,09;R$ 67,50;R$1,00 até no máximo R$119,31;Internado tudo coberto
Adesão - Genesis;Flex 1;50%;Regional;Apartamento;34;38;2;475,85;R$ 67,50;R$1,00 até no máximo R$119,31;Internado tudo coberto
Adesão - Genesis;Flex 1;50%;Regional;Apartamento;39;43;2;590,78;R$ 67,50;R$1,00 até no máximo R$119,31;Internado tudo coberto
Adesão - Genesis;Flex 1;50%;Regional;Apartamento;44;48;2;683,36;R$ 67,50;R$1,00 até no máximo R$119,31;Internado tudo coberto
Adesão - Genesis;Flex 1;50%;Regional;Apartamento;49;53;2;900,17;R$ 67,50;R$1,00 até no máximo R$119,31;Internado tudo coberto
Adesão - Genesis;Flex 1;50%;Regional;Apartamento;54;58;2;1147,73;R$ 67,50;R$1,00 até no máximo R$119,31;Internado tudo coberto
Adesão - Genesis;Flex 1;50%;Regional;Apartamento;59;120;2;1440,85;R$ 67,50;R$1,00 até no máximo R$119,31;Internado tudo coberto
Adesão - Genesis;Flex 1;50%;Regional;Apartamento;0;18;3;232,98;R$ 67,50;R$1,00 até no máximo R$119,31;Internado tudo coberto
Adesão - Genesis;Flex 1;50%;Regional;Apartamento;19;23;3;343,09;R$ 67,50;R$1,00 até no máximo R$119,31;Internado tudo coberto
Adesão - Genesis;Flex 1;50%;Regional;Apartamento;24;28;3;376,05;R$ 67,50;R$1,00 até no máximo R$119,31;Internado tudo coberto
Adesão - Genesis;Flex 1;50%;Regional;Apartamento;29;33;3;405,14;R$ 67,50;R$1,00 até no máximo R$119,31;Internado tudo coberto
Adesão - Genesis;Flex 1;50%;Regional;Apartamento;34;38;3;444,13;R$ 67,50;R$1,00 até no máximo R$119,31;Internado tudo coberto
Adesão - Genesis;Flex 1;50%;Regional;Apartamento;39;43;3;551,4;R$ 67,50;R$1,00 até no máximo R$119,31;Internado tudo coberto
Adesão - Genesis;Flex 1;50%;Regional;Apartamento;44;48;3;637,8;R$ 67,50;R$1,00 até no máximo R$119,31;Internado tudo coberto
Adesão - Genesis;Flex 1;50%;Regional;Apartamento;49;53;3;840,17;R$ 67,50;R$1,00 até no máximo R$119,31;Internado tudo coberto
Adesão - Genesis;Flex 1;50%;Regional;Apartamento;54;58;3;1071,23;R$ 67,50;R$1,00 até no máximo R$119,31;Internado tudo coberto
Adesão - Genesis;Flex 1;50%;Regional;Apartamento;59;120;3;1344,82;R$ 67,50;R$1,00 até no máximo R$119,31;Internado tudo coberto
Adesão - Genesis;Flex 1;50%;Regional;Apartamento;0;18;4+;216,34;R$ 67,50;R$1,00 até no máximo R$119,31;Internado tudo coberto
Adesão - Genesis;Flex 1;50%;Regional;Apartamento;19;23;4+;318,57;R$ 67,50;R$1,00 até no máximo R$119,31;Internado tudo coberto
Adesão - Genesis;Flex 1;50%;Regional;Apartamento;24;28;4+;349,19;R$ 67,50;R$1,00 até no máximo R$119,31;Internado tudo coberto
Adesão - Genesis;Flex 1;50%;Regional;Apartamento;29;33;4+;376,21;R$ 67,50;R$1,00 até no máximo R$119,31;Internado tudo coberto
Adesão - Genesis;Flex 1;50%;Regional;Apartamento;34;38;4+;412,41;R$ 67,50;R$1,00 até no máximo R$119,31;Internado tudo coberto
Adesão - Genesis;Flex 1;50%;Regional;Apartamento;39;43;4+;512;R$ 67,50;R$1,00 até no máximo R$119,31;Internado tudo coberto
Adesão - Genesis;Flex 1;50%;Regional;Apartamento;44;48;4+;592,22;R$ 67,50;R$1,00 até no máximo R$119,31;Internado tudo coberto
Adesão - Genesis;Flex 1;50%;Regional;Apartamento;49;53;4+;780,13;R$ 67,50;R$1,00 até no máximo R$119,31;Internado tudo coberto
Adesão - Genesis;Flex 1;50%;Regional;Apartamento;54;58;4+;994,67;R$ 67,50;R$1,00 até no máximo R$119,31;Internado tudo coberto
Adesão - Genesis;Flex 1;50%;Regional;Apartamento;59;120;4+;1248,71;R$ 67,50;R$1,00 até no máximo R$119,31;Internado tudo coberto
Adesão - ASPP;Flex 1;50%;Regional;Enfermaria;0;18;1;220,3;R$ 67,50;R$1,00 até no máximo R$119,31;Internado tudo coberto
Adesão - ASPP;Flex 1;50%;Regional;Enfermaria;19;23;1;289,77;R$ 67,50;R$1,00 até no máximo R$119,31;Internado tudo coberto
Adesão - ASPP;Flex 1;50%;Regional;Enfermaria;24;28;1;330,2;R$ 67,50;R$1,00 até no máximo R$119,31;Internado tudo coberto
Adesão - ASPP;Flex 1;50%;Regional;Enfermaria;29;33;1;367,36;R$ 67,50;R$1,00 até no máximo R$119,31;Internado tudo coberto
Adesão - ASPP;Flex 1;50%;Regional;Enfermaria;34;38;1;415,6;R$ 67,50;R$1,00 até no máximo R$119,31;Internado tudo coberto
Adesão - ASPP;Flex 1;50%;Regional;Enfermaria;39;43;1;463,23;R$ 67,50;R$1,00 até no máximo R$119,31;Internado tudo coberto
Adesão - ASPP;Flex 1;50%;Regional;Enfermaria;44;48;1;551,52;R$ 67,50;R$1,00 até no máximo R$119,31;Internado tudo coberto
Adesão - ASPP;Flex 1;50%;Regional;Enfermaria;49;53;1;694,45;R$ 67,50;R$1,00 até no máximo R$119,31;Internado tudo coberto
Adesão - ASPP;Flex 1;50%;Regional;Enfermaria;54;58;1;880,93;R$ 67,50;R$1,00 até no máximo R$119,31;Internado tudo coberto
Adesão - ASPP;Flex 1;50%;Regional;Enfermaria;59;120;1;1256,64;R$ 67,50;R$1,00 até no máximo R$119,31;Internado tudo coberto
Adesão - ASPP;Flex 1;50%;Regional;Enfermaria;0;18;2;198,25;R$ 67,50;R$1,00 até no máximo R$119,31;Internado tudo coberto
Adesão - ASPP;Flex 1;50%;Regional;Enfermaria;19;23;2;260,78;R$ 67,50;R$1,00 até no máximo R$119,31;Internado tudo coberto
Adesão - ASPP;Flex 1;50%;Regional;Enfermaria;24;28;2;297,16;R$ 67,50;R$1,00 até no máximo R$119,31;Internado tudo coberto
Adesão - ASPP;Flex 1;50%;Regional;Enfermaria;29;33;2;330,59;R$ 67,50;R$1,00 até no máximo R$119,31;Internado tudo coberto
Adesão - ASPP;Flex 1;50%;Regional;Enfermaria;34;38;2;373,99;R$ 67,50;R$1,00 até no máximo R$119,31;Internado tudo coberto
Adesão - ASPP;Flex 1;50%;Regional;Enfermaria;39;43;2;416,85;R$ 67,50;R$1,00 até no máximo R$119,31;Internado tudo coberto
Adesão - ASPP;Flex 1;50%;Regional;Enfermaria;44;48;2;496,3;R$ 67,50;R$1,00 até no máximo R$119,31;Internado tudo coberto
Adesão - ASPP;Flex 1;50%;Regional;Enfermaria;49;53;2;624,94;R$ 67,50;R$1,00 até no máximo R$119,31;Internado tudo coberto
Adesão - ASPP;Flex 1;50%;Regional;Enfermaria;54;58;2;792,75;R$ 67,50;R$1,00 até no máximo R$119,31;Internado tudo coberto
Adesão - ASPP;Flex 1;50%;Regional;Enfermaria;59;120;2;1130,85;R$ 67,50;R$1,00 até no máximo R$119,31;Internado tudo coberto
Adesão - ASPP;Flex 1;50%;Regional;Enfermaria;0;18;3;185,04;R$ 67,50;R$1,00 até no máximo R$119,31;Internado tudo coberto
Adesão - ASPP;Flex 1;50%;Regional;Enfermaria;19;23;3;243,4;R$ 67,50;R$1,00 até no máximo R$119,31;Internado tudo coberto
Adesão - ASPP;Flex 1;50%;Regional;Enfermaria;24;28;3;277,36;R$ 67,50;R$1,00 até no máximo R$119,31;Internado tudo coberto
Adesão - ASPP;Flex 1;50%;Regional;Enfermaria;29;33;3;308,55;R$ 67,50;R$1,00 até no máximo R$119,31;Internado tudo coberto
Adesão - ASPP;Flex 1;50%;Regional;Enfermaria;34;38;3;349,07;R$ 67,50;R$1,00 até no máximo R$119,31;Internado tudo coberto
Adesão - ASPP;Flex 1;50%;Regional;Enfermaria;39;43;3;389,09;R$ 67,50;R$1,00 até no máximo R$119,31;Internado tudo coberto
Adesão - ASPP;Flex 1;50%;Regional;Enfermaria;44;48;3;463,25;R$ 67,50;R$1,00 até no máximo R$119,31;Internado tudo coberto
Adesão - ASPP;Flex 1;50%;Regional;Enfermaria;49;53;3;583,32;R$ 67,50;R$1,00 até no máximo R$119,31;Internado tudo coberto
Adesão - ASPP;Flex 1;50%;Regional;Enfermaria;54;58;3;739,93;R$ 67,50;R$1,00 até no máximo R$119,31;Internado tudo coberto
Adesão - ASPP;Flex 1;50%;Regional;Enfermaria;59;120;3;1055,52;R$ 67,50;R$1,00 até no máximo R$119,31;Internado tudo coberto
Adesão - ASPP;Flex 1;50%;Regional;Enfermaria;0;18;4+;171,83;R$ 67,50;R$1,00 até no máximo R$119,31;Internado tudo coberto
Adesão - ASPP;Flex 1;50%;Regional;Enfermaria;19;23;4+;226,02;R$ 67,50;R$1,00 até no máximo R$119,31;Internado tudo coberto
Adesão - ASPP;Flex 1;50%;Regional;Enfermaria;24;28;4+;257,55;R$ 67,50;R$1,00 até no máximo R$119,31;Internado tudo coberto
Adesão - ASPP;Flex 1;50%;Regional;Enfermaria;29;33;4+;286,53;R$ 67,50;R$1,00 até no máximo R$119,31;Internado tudo coberto
Adesão - ASPP;Flex 1;50%;Regional;Enfermaria;34;38;4+;324,15;R$ 67,50;R$1,00 até no máximo R$119,31;Internado tudo coberto
Adesão - ASPP;Flex 1;50%;Regional;Enfermaria;39;43;4+;361,31;R$ 67,50;R$1,00 até no máximo R$119,31;Internado tudo coberto
Adesão - ASPP;Flex 1;50%;Regional;Enfermaria;44;48;4+;430,13;R$ 67,50;R$1,00 até no máximo R$119,31;Internado tudo coberto
Adesão - ASPP;Flex 1;50%;Regional;Enfermaria;49;53;4+;541,67;R$ 67,50;R$1,00 até no máximo R$119,31;Internado tudo coberto
Adesão - ASPP;Flex 1;50%;Regional;Enfermaria;54;58;4+;687,11;R$ 67,50;R$1,00 até no máximo R$119,31;Internado tudo coberto
Adesão - ASPP;Flex 1;50%;Regional;Enfermaria;59;120;4+;980,16;R$ 67,50;R$1,00 até no máximo R$119,31;Internado tudo coberto
Adesão - ASPP;Flex 1;50%;Regional;Apartamento;0;18;1;277,35;R$ 67,50;R$1,00 até no máximo R$119,31;Internado tudo coberto
Adesão - ASPP;Flex 1;50%;Regional;Apartamento;19;23;1;408,43;R$ 67,50;R$1,00 até no máximo R$119,31;Internado tudo coberto
Adesão - ASPP;Flex 1;50%;Regional;Apartamento;24;28;1;447,68;R$ 67,50;R$1,00 até no máximo R$119,31;Internado tudo coberto
Adesão - ASPP;Flex 1;50%;Regional;Apartamento;29;33;1;482,33;R$ 67,50;R$1,00 até no máximo R$119,31;Internado tudo coberto
Adesão - ASPP;Flex 1;50%;Regional;Apartamento;34;38;1;528,74;R$ 67,50;R$1,00 até no máximo R$119,31;Internado tudo coberto
Adesão - ASPP;Flex 1;50%;Regional;Apartamento;39;43;1;656,42;R$ 67,50;R$1,00 até no máximo R$119,31;Internado tudo coberto
Adesão - ASPP;Flex 1;50%;Regional;Apartamento;44;48;1;759,27;R$ 67,50;R$1,00 até no máximo R$119,31;Internado tudo coberto
Adesão - ASPP;Flex 1;50%;Regional;Apartamento;49;53;1;1000,2;R$ 67,50;R$1,00 até no máximo R$119,31;Internado tudo coberto
Adesão - ASPP;Flex 1;50%;Regional;Apartamento;54;58;1;1275,25;R$ 67,50;R$1,00 até no máximo R$119,31;Internado tudo coberto
Adesão - ASPP;Flex 1;50%;Regional;Apartamento;59;120;1;1600,95;R$ 67,50;R$1,00 até no máximo R$119,31;Internado tudo coberto
Adesão - ASPP;Flex 1;50%;Regional;Apartamento;0;18;2;249,61;R$ 67,50;R$1,00 até no máximo R$119,31;Internado tudo coberto
Adesão - ASPP;Flex 1;50%;Regional;Apartamento;19;23;2;367,57;R$ 67,50;R$1,00 até no máximo R$119,31;Internado tudo coberto
Adesão - ASPP;Flex 1;50%;Regional;Apartamento;24;28;2;402,9;R$ 67,50;R$1,00 até no máximo R$119,31;Internado tudo coberto
Adesão - ASPP;Flex 1;50%;Regional;Apartamento;29;33;2;434,09;R$ 67,50;R$1,00 até no máximo R$119,31;Internado tudo coberto
Adesão - ASPP;Flex 1;50%;Regional;Apartamento;34;38;2;475,85;R$ 67,50;R$1,00 até no máximo R$119,31;Internado tudo coberto
Adesão - ASPP;Flex 1;50%;Regional;Apartamento;39;43;2;590,78;R$ 67,50;R$1,00 até no máximo R$119,31;Internado tudo coberto
Adesão - ASPP;Flex 1;50%;Regional;Apartamento;44;48;2;683,36;R$ 67,50;R$1,00 até no máximo R$119,31;Internado tudo coberto
Adesão - ASPP;Flex 1;50%;Regional;Apartamento;49;53;2;900,17;R$ 67,50;R$1,00 até no máximo R$119,31;Internado tudo coberto
Adesão - ASPP;Flex 1;50%;Regional;Apartamento;54;58;2;1147,73;R$ 67,50;R$1,00 até no máximo R$119,31;Internado tudo coberto
Adesão - ASPP;Flex 1;50%;Regional;Apartamento;59;120;2;1440,85;R$ 67,50;R$1,00 até no máximo R$119,31;Internado tudo coberto
Adesão - ASPP;Flex 1;50%;Regional;Apartamento;0;18;3;232,98;R$ 67,50;R$1,00 até no máximo R$119,31;Internado tudo coberto
Adesão - ASPP;Flex 1;50%;Regional;Apartamento;19;23;3;343,09;R$ 67,50;R$1,00 até no máximo R$119,31;Internado tudo coberto
Adesão - ASPP;Flex 1;50%;Regional;Apartamento;24;28;3;376,05;R$ 67,50;R$1,00 até no máximo R$119,31;Internado tudo coberto
Adesão - ASPP;Flex 1;50%;Regional;Apartamento;29;33;3;405,14;R$ 67,50;R$1,00 até no máximo R$119,31;Internado tudo coberto
Adesão - ASPP;Flex 1;50%;Regional;Apartamento;34;38;3;444,13;R$ 67,50;R$1,00 até no máximo R$119,31;Internado tudo coberto
Adesão - ASPP;Flex 1;50%;Regional;Apartamento;39;43;3;551,4;R$ 67,50;R$1,00 até no máximo R$119,31;Internado tudo coberto
Adesão - ASPP;Flex 1;50%;Regional;Apartamento;44;48;3;637,8;R$ 67,50;R$1,00 até no máximo R$119,31;Internado tudo coberto
Adesão - ASPP;Flex 1;50%;Regional;Apartamento;49;53;3;840,17;R$ 67,50;R$1,00 até no máximo R$119,31;Internado tudo coberto
Adesão - ASPP;Flex 1;50%;Regional;Apartamento;54;58;3;1071,23;R$ 67,50;R$1,00 até no máximo R$119,31;Internado tudo coberto
Adesão - ASPP;Flex 1;50%;Regional;Apartamento;59;120;3;1344,82;R$ 67,50;R$1,00 até no máximo R$119,31;Internado tudo coberto
Adesão - ASPP;Flex 1;50%;Regional;Apartamento;0;18;4+;216,34;R$ 67,50;R$1,00 até no máximo R$119,31;Internado tudo coberto
Adesão - ASPP;Flex 1;50%;Regional;Apartamento;19;23;4+;318,57;R$ 67,50;R$1,00 até no máximo R$119,31;Internado tudo coberto
Adesão - ASPP;Flex 1;50%;Regional;Apartamento;24;28;4+;349,19;R$ 67,50;R$1,00 até no máximo R$119,31;Internado tudo coberto
Adesão - ASPP;Flex 1;50%;Regional;Apartamento;29;33;4+;376,21;R$ 67,50;R$1,00 até no máximo R$119,31;Internado tudo coberto
Adesão - ASPP;Flex 1;50%;Regional;Apartamento;34;38;4+;412,41;R$ 67,50;R$1,00 até no máximo R$119,31;Internado tudo coberto
Adesão - ASPP;Flex 1;50%;Regional;Apartamento;39;43;4+;512;R$ 67,50;R$1,00 até no máximo R$119,31;Internado tudo coberto
Adesão - ASPP;Flex 1;50%;Regional;Apartamento;44;48;4+;592,22;R$ 67,50;R$1,00 até no máximo R$119,31;Internado tudo coberto
Adesão - ASPP;Flex 1;50%;Regional;Apartamento;49;53;4+;780,13;R$ 67,50;R$1,00 até no máximo R$119,31;Internado tudo coberto
Adesão - ASPP;Flex 1;50%;Regional;Apartamento;54;58;4+;994,67;R$ 67,50;R$1,00 até no máximo R$119,31;Internado tudo coberto
Adesão - ASPP;Flex 1;50%;Regional;Apartamento;59;120;4+;1248,71;R$ 67,50;R$1,00 até no máximo R$119,31;Internado tudo coberto
Adesão - Simepar;Flex 1;50%;Regional;Enfermaria;0;18;1;220,3;R$ 67,50;R$1,00 até no máximo R$119,31;Internado tudo coberto
Adesão - Simepar;Flex 1;50%;Regional;Enfermaria;19;23;1;289,77;R$ 67,50;R$1,00 até no máximo R$119,31;Internado tudo coberto
Adesão - Simepar;Flex 1;50%;Regional;Enfermaria;24;28;1;330,2;R$ 67,50;R$1,00 até no máximo R$119,31;Internado tudo coberto
Adesão - Simepar;Flex 1;50%;Regional;Enfermaria;29;33;1;367,36;R$ 67,50;R$1,00 até no máximo R$119,31;Internado tudo coberto
Adesão - Simepar;Flex 1;50%;Regional;Enfermaria;34;38;1;415,6;R$ 67,50;R$1,00 até no máximo R$119,31;Internado tudo coberto
Adesão - Simepar;Flex 1;50%;Regional;Enfermaria;39;43;1;463,23;R$ 67,50;R$1,00 até no máximo R$119,31;Internado tudo coberto
Adesão - Simepar;Flex 1;50%;Regional;Enfermaria;44;48;1;551,52;R$ 67,50;R$1,00 até no máximo R$119,31;Internado tudo coberto
Adesão - Simepar;Flex 1;50%;Regional;Enfermaria;49;53;1;694,45;R$ 67,50;R$1,00 até no máximo R$119,31;Internado tudo coberto
Adesão - Simepar;Flex 1;50%;Regional;Enfermaria;54;58;1;880,93;R$ 67,50;R$1,00 até no máximo R$119,31;Internado tudo coberto
Adesão - Simepar;Flex 1;50%;Regional;Enfermaria;59;120;1;1256,64;R$ 67,50;R$1,00 até no máximo R$119,31;Internado tudo coberto
Adesão - Simepar;Flex 1;50%;Regional;Enfermaria;0;18;2;198,25;R$ 67,50;R$1,00 até no máximo R$119,31;Internado tudo coberto
Adesão - Simepar;Flex 1;50%;Regional;Enfermaria;19;23;2;260,78;R$ 67,50;R$1,00 até no máximo R$119,31;Internado tudo coberto
Adesão - Simepar;Flex 1;50%;Regional;Enfermaria;24;28;2;297,16;R$ 67,50;R$1,00 até no máximo R$119,31;Internado tudo coberto
Adesão - Simepar;Flex 1;50%;Regional;Enfermaria;29;33;2;330,59;R$ 67,50;R$1,00 até no máximo R$119,31;Internado tudo coberto
Adesão - Simepar;Flex 1;50%;Regional;Enfermaria;34;38;2;373,99;R$ 67,50;R$1,00 até no máximo R$119,31;Internado tudo coberto
Adesão - Simepar;Flex 1;50%;Regional;Enfermaria;39;43;2;416,85;R$ 67,50;R$1,00 até no máximo R$119,31;Internado tudo coberto
Adesão - Simepar;Flex 1;50%;Regional;Enfermaria;44;48;2;496,3;R$ 67,50;R$1,00 até no máximo R$119,31;Internado tudo coberto
Adesão - Simepar;Flex 1;50%;Regional;Enfermaria;49;53;2;624,94;R$ 67,50;R$1,00 até no máximo R$119,31;Internado tudo coberto
Adesão - Simepar;Flex 1;50%;Regional;Enfermaria;54;58;2;792,75;R$ 67,50;R$1,00 até no máximo R$119,31;Internado tudo coberto
Adesão - Simepar;Flex 1;50%;Regional;Enfermaria;59;120;2;1130,85;R$ 67,50;R$1,00 até no máximo R$119,31;Internado tudo coberto
Adesão - Simepar;Flex 1;50%;Regional;Enfermaria;0;18;3;185,04;R$ 67,50;R$1,00 até no máximo R$119,31;Internado tudo coberto
Adesão - Simepar;Flex 1;50%;Regional;Enfermaria;19;23;3;243,4;R$ 67,50;R$1,00 até no máximo R$119,31;Internado tudo coberto
Adesão - Simepar;Flex 1;50%;Regional;Enfermaria;24;28;3;277,36;R$ 67,50;R$1,00 até no máximo R$119,31;Internado tudo coberto
Adesão - Simepar;Flex 1;50%;Regional;Enfermaria;29;33;3;308,55;R$ 67,50;R$1,00 até no máximo R$119,31;Internado tudo coberto
Adesão - Simepar;Flex 1;50%;Regional;Enfermaria;34;38;3;349,07;R$ 67,50;R$1,00 até no máximo R$119,31;Internado tudo coberto
Adesão - Simepar;Flex 1;50%;Regional;Enfermaria;39;43;3;389,09;R$ 67,50;R$1,00 até no máximo R$119,31;Internado tudo coberto
Adesão - Simepar;Flex 1;50%;Regional;Enfermaria;44;48;3;463,25;R$ 67,50;R$1,00 até no máximo R$119,31;Internado tudo coberto
Adesão - Simepar;Flex 1;50%;Regional;Enfermaria;49;53;3;583,32;R$ 67,50;R$1,00 até no máximo R$119,31;Internado tudo coberto
Adesão - Simepar;Flex 1;50%;Regional;Enfermaria;54;58;3;739,93;R$ 67,50;R$1,00 até no máximo R$119,31;Internado tudo coberto
Adesão - Simepar;Flex 1;50%;Regional;Enfermaria;59;120;3;1055,52;R$ 67,50;R$1,00 até no máximo R$119,31;Internado tudo coberto
Adesão - Simepar;Flex 1;50%;Regional;Enfermaria;0;18;4+;171,83;R$ 67,50;R$1,00 até no máximo R$119,31;Internado tudo coberto
Adesão - Simepar;Flex 1;50%;Regional;Enfermaria;19;23;4+;226,02;R$ 67,50;R$1,00 até no máximo R$119,31;Internado tudo coberto
Adesão - Simepar;Flex 1;50%;Regional;Enfermaria;24;28;4+;257,55;R$ 67,50;R$1,00 até no máximo R$119,31;Internado tudo coberto
Adesão - Simepar;Flex 1;50%;Regional;Enfermaria;29;33;4+;286,53;R$ 67,50;R$1,00 até no máximo R$119,31;Internado tudo coberto
Adesão - Simepar;Flex 1;50%;Regional;Enfermaria;34;38;4+;324,15;R$ 67,50;R$1,00 até no máximo R$119,31;Internado tudo coberto
Adesão - Simepar;Flex 1;50%;Regional;Enfermaria;39;43;4+;361,31;R$ 67,50;R$1,00 até no máximo R$119,31;Internado tudo coberto
Adesão - Simepar;Flex 1;50%;Regional;Enfermaria;44;48;4+;430,13;R$ 67,50;R$1,00 até no máximo R$119,31;Internado tudo coberto
Adesão - Simepar;Flex 1;50%;Regional;Enfermaria;49;53;4+;541,67;R$ 67,50;R$1,00 até no máximo R$119,31;Internado tudo coberto
Adesão - Simepar;Flex 1;50%;Regional;Enfermaria;54;58;4+;687,11;R$ 67,50;R$1,00 até no máximo R$119,31;Internado tudo coberto
Adesão - Simepar;Flex 1;50%;Regional;Enfermaria;59;120;4+;980,16;R$ 67,50;R$1,00 até no máximo R$119,31;Internado tudo coberto
Adesão - Simepar;Flex 1;50%;Regional;Apartamento;0;18;1;277,35;R$ 67,50;R$1,00 até no máximo R$119,31;Internado tudo coberto
Adesão - Simepar;Flex 1;50%;Regional;Apartamento;19;23;1;408,43;R$ 67,50;R$1,00 até no máximo R$119,31;Internado tudo coberto
Adesão - Simepar;Flex 1;50%;Regional;Apartamento;24;28;1;447,68;R$ 67,50;R$1,00 até no máximo R$119,31;Internado tudo coberto
Adesão - Simepar;Flex 1;50%;Regional;Apartamento;29;33;1;482,33;R$ 67,50;R$1,00 até no máximo R$119,31;Internado tudo coberto
Adesão - Simepar;Flex 1;50%;Regional;Apartamento;34;38;1;528,74;R$ 67,50;R$1,00 até no máximo R$119,31;Internado tudo coberto
Adesão - Simepar;Flex 1;50%;Regional;Apartamento;39;43;1;656,42;R$ 67,50;R$1,00 até no máximo R$119,31;Internado tudo coberto
Adesão - Simepar;Flex 1;50%;Regional;Apartamento;44;48;1;759,27;R$ 67,50;R$1,00 até no máximo R$119,31;Internado tudo coberto
Adesão - Simepar;Flex 1;50%;Regional;Apartamento;49;53;1;1000,2;R$ 67,50;R$1,00 até no máximo R$119,31;Internado tudo coberto
Adesão - Simepar;Flex 1;50%;Regional;Apartamento;54;58;1;1275,25;R$ 67,50;R$1,00 até no máximo R$119,31;Internado tudo coberto
Adesão - Simepar;Flex 1;50%;Regional;Apartamento;59;120;1;1600,95;R$ 67,50;R$1,00 até no máximo R$119,31;Internado tudo coberto
Adesão - Simepar;Flex 1;50%;Regional;Apartamento;0;18;2;249,61;R$ 67,50;R$1,00 até no máximo R$119,31;Internado tudo coberto
Adesão - Simepar;Flex 1;50%;Regional;Apartamento;19;23;2;367,57;R$ 67,50;R$1,00 até no máximo R$119,31;Internado tudo coberto
Adesão - Simepar;Flex 1;50%;Regional;Apartamento;24;28;2;402,9;R$ 67,50;R$1,00 até no máximo R$119,31;Internado tudo coberto
Adesão - Simepar;Flex 1;50%;Regional;Apartamento;29;33;2;434,09;R$ 67,50;R$1,00 até no máximo R$119,31;Internado tudo coberto
Adesão - Simepar;Flex 1;50%;Regional;Apartamento;34;38;2;475,85;R$ 67,50;R$1,00 até no máximo R$119,31;Internado tudo coberto
Adesão - Simepar;Flex 1;50%;Regional;Apartamento;39;43;2;590,78;R$ 67,50;R$1,00 até no máximo R$119,31;Internado tudo coberto
Adesão - Simepar;Flex 1;50%;Regional;Apartamento;44;48;2;683,36;R$ 67,50;R$1,00 até no máximo R$119,31;Internado tudo coberto
Adesão - Simepar;Flex 1;50%;Regional;Apartamento;49;53;2;900,17;R$ 67,50;R$1,00 até no máximo R$119,31;Internado tudo coberto
Adesão - Simepar;Flex 1;50%;Regional;Apartamento;54;58;2;1147,73;R$ 67,50;R$1,00 até no máximo R$119,31;Internado tudo coberto
Adesão - Simepar;Flex 1;50%;Regional;Apartamento;59;120;2;1440,85;R$ 67,50;R$1,00 até no máximo R$119,31;Internado tudo coberto
Adesão - Simepar;Flex 1;50%;Regional;Apartamento;0;18;3;232,98;R$ 67,50;R$1,00 até no máximo R$119,31;Internado tudo coberto
Adesão - Simepar;Flex 1;50%;Regional;Apartamento;19;23;3;343,09;R$ 67,50;R$1,00 até no máximo R$119,31;Internado tudo coberto
Adesão - Simepar;Flex 1;50%;Regional;Apartamento;24;28;3;376,05;R$ 67,50;R$1,00 até no máximo R$119,31;Internado tudo coberto
Adesão - Simepar;Flex 1;50%;Regional;Apartamento;29;33;3;405,14;R$ 67,50;R$1,00 até no máximo R$119,31;Internado tudo coberto
Adesão - Simepar;Flex 1;50%;Regional;Apartamento;34;38;3;444,13;R$ 67,50;R$1,00 até no máximo R$119,31;Internado tudo coberto
Adesão - Simepar;Flex 1;50%;Regional;Apartamento;39;43;3;551,4;R$ 67,50;R$1,00 até no máximo R$119,31;Internado tudo coberto
Adesão - Simepar;Flex 1;50%;Regional;Apartamento;44;48;3;637,8;R$ 67,50;R$1,00 até no máximo R$119,31;Internado tudo coberto
Adesão - Simepar;Flex 1;50%;Regional;Apartamento;49;53;3;840,17;R$ 67,50;R$1,00 até no máximo R$119,31;Internado tudo coberto
Adesão - Simepar;Flex 1;50%;Regional;Apartamento;54;58;3;1071,23;R$ 67,50;R$1,00 até no máximo R$119,31;Internado tudo coberto
Adesão - Simepar;Flex 1;50%;Regional;Apartamento;59;120;3;1344,82;R$ 67,50;R$1,00 até no máximo R$119,31;Internado tudo coberto
Adesão - Simepar;Flex 1;50%;Regional;Apartamento;0;18;4+;216,34;R$ 67,50;R$1,00 até no máximo R$119,31;Internado tudo coberto
Adesão - Simepar;Flex 1;50%;Regional;Apartamento;19;23;4+;318,57;R$ 67,50;R$1,00 até no máximo R$119,31;Internado tudo coberto
Adesão - Simepar;Flex 1;50%;Regional;Apartamento;24;28;4+;349,19;R$ 67,50;R$1,00 até no máximo R$119,31;Internado tudo coberto
Adesão - Simepar;Flex 1;50%;Regional;Apartamento;29;33;4+;376,21;R$ 67,50;R$1,00 até no máximo R$119,31;Internado tudo coberto
Adesão - Simepar;Flex 1;50%;Regional;Apartamento;34;38;4+;412,41;R$ 67,50;R$1,00 até no máximo R$119,31;Internado tudo coberto
Adesão - Simepar;Flex 1;50%;Regional;Apartamento;39;43;4+;512;R$ 67,50;R$1,00 até no máximo R$119,31;Internado tudo coberto
Adesão - Simepar;Flex 1;50%;Regional;Apartamento;44;48;4+;592,22;R$ 67,50;R$1,00 até no máximo R$119,31;Internado tudo coberto
Adesão - Simepar;Flex 1;50%;Regional;Apartamento;49;53;4+;780,13;R$ 67,50;R$1,00 até no máximo R$119,31;Internado tudo coberto
Adesão - Simepar;Flex 1;50%;Regional;Apartamento;54;58;4+;994,67;R$ 67,50;R$1,00 até no máximo R$119,31;Internado tudo coberto
Adesão - Simepar;Flex 1;50%;Regional;Apartamento;59;120;4+;1248,71;R$ 67,50;R$1,00 até no máximo R$119,31;Internado tudo coberto
Adesão - Simepar;Amigo;25%;Nacional;Enfermaria;0;18;999;244,88;R$ 33,75;R$1,00 até no máximo R$259,39;Internado tudo coberto
Adesão - Simepar;Amigo;25%;Nacional;Enfermaria;19;23;999;281,3;R$ 33,75;R$1,00 até no máximo R$259,39;Internado tudo coberto
Adesão - Simepar;Amigo;25%;Nacional;Enfermaria;24;28;999;295,38;R$ 33,75;R$1,00 até no máximo R$259,39;Internado tudo coberto
Adesão - Simepar;Amigo;25%;Nacional;Enfermaria;29;33;999;383,59;R$ 33,75;R$1,00 até no máximo R$259,39;Internado tudo coberto
Adesão - Simepar;Amigo;25%;Nacional;Enfermaria;34;38;999;402,75;R$ 33,75;R$1,00 até no máximo R$259,39;Internado tudo coberto
Adesão - Simepar;Amigo;25%;Nacional;Enfermaria;39;43;999;461,73;R$ 33,75;R$1,00 até no máximo R$259,39;Internado tudo coberto
Adesão - Simepar;Amigo;25%;Nacional;Enfermaria;44;48;999;644,8;R$ 33,75;R$1,00 até no máximo R$259,39;Internado tudo coberto
Adesão - Simepar;Amigo;25%;Nacional;Enfermaria;49;53;999;817,59;R$ 33,75;R$1,00 até no máximo R$259,39;Internado tudo coberto
Adesão - Simepar;Amigo;25%;Nacional;Enfermaria;54;58;999;899,32;R$ 33,75;R$1,00 até no máximo R$259,39;Internado tudo coberto
Adesão - Simepar;Amigo;25%;Nacional;Enfermaria;59;120;999;1466,86;R$ 33,75;R$1,00 até no máximo R$259,39;Internado tudo coberto
Adesão - Simepar;Amigo;25%;Nacional;Apartamento;0;18;999;278,59;R$ 33,75;R$1,00 até no máximo R$259,39;Internado tudo coberto
Adesão - Simepar;Amigo;25%;Nacional;Apartamento;19;23;999;339,99;R$ 33,75;R$1,00 até no máximo R$259,39;Internado tudo coberto
Adesão - Simepar;Amigo;25%;Nacional;Apartamento;24;28;999;356,96;R$ 33,75;R$1,00 até no máximo R$259,39;Internado tudo coberto
Adesão - Simepar;Amigo;25%;Nacional;Apartamento;29;33;999;512,39;R$ 33,75;R$1,00 até no máximo R$259,39;Internado tudo coberto
Adesão - Simepar;Amigo;25%;Nacional;Apartamento;34;38;999;538,09;R$ 33,75;R$1,00 até no máximo R$259,39;Internado tudo coberto
Adesão - Simepar;Amigo;25%;Nacional;Apartamento;39;43;999;738,43;R$ 33,75;R$1,00 até no máximo R$259,39;Internado tudo coberto
Adesão - Simepar;Amigo;25%;Nacional;Apartamento;44;48;999;775,33;R$ 33,75;R$1,00 até no máximo R$259,39;Internado tudo coberto
Adesão - Simepar;Amigo;25%;Nacional;Apartamento;49;53;999;1060,97;R$ 33,75;R$1,00 até no máximo R$259,39;Internado tudo coberto
Adesão - Simepar;Amigo;25%;Nacional;Apartamento;54;58;999;1145,83;R$ 33,75;R$1,00 até no máximo R$259,39;Internado tudo coberto
Adesão - Simepar;Amigo;25%;Nacional;Apartamento;59;120;999;1668,87;R$ 33,75;R$1,00 até no máximo R$259,39;Internado tudo coberto
Pessoa Jurídica - PME;Flex 1;50%;Regional;Enfermaria;0;18;304;225;R$ 75,00;R$1,00 até no máximo R$90,00;Internado tudo coberto
Pessoa Jurídica - PME;Flex 1;50%;Regional;Enfermaria;19;23;304;257,03;R$ 75,00;R$1,00 até no máximo R$90,00;Internado tudo coberto
Pessoa Jurídica - PME;Flex 1;50%;Regional;Enfermaria;24;28;304;269,37;R$ 75,00;R$1,00 até no máximo R$90,00;Internado tudo coberto
Pessoa Jurídica - PME;Flex 1;50%;Regional;Enfermaria;29;33;304;346,93;R$ 75,00;R$1,00 até no máximo R$90,00;Internado tudo coberto
Pessoa Jurídica - PME;Flex 1;50%;Regional;Enfermaria;34;38;304;363,79;R$ 75,00;R$1,00 até no máximo R$90,00;Internado tudo coberto
Pessoa Jurídica - PME;Flex 1;50%;Regional;Enfermaria;39;43;304;416,87;R$ 75,00;R$1,00 até no máximo R$90,00;Internado tudo coberto
Pessoa Jurídica - PME;Flex 1;50%;Regional;Enfermaria;44;48;304;575,6;R$ 75,00;R$1,00 até no máximo R$90,00;Internado tudo coberto
Pessoa Jurídica - PME;Flex 1;50%;Regional;Enfermaria;49;53;304;728,37;R$ 75,00;R$1,00 até no máximo R$90,00;Internado tudo coberto
Pessoa Jurídica - PME;Flex 1;50%;Regional;Enfermaria;54;58;304;800,23;R$ 75,00;R$1,00 até no máximo R$90,00;Internado tudo coberto
Pessoa Jurídica - PME;Flex 1;50%;Regional;Enfermaria;59;120;304;"***
";R$ 75,00;R$1,00 até no máximo R$90,00;Internado tudo coberto
Pessoa Jurídica - PME;Flex 1;50%;Regional;Apartamento;0;18;304;273,97;R$ 75,00;R$1,00 até no máximo R$90,00;Internado tudo coberto
Pessoa Jurídica - PME;Flex 1;50%;Regional;Apartamento;19;23;304;332,13;R$ 75,00;R$1,00 até no máximo R$90,00;Internado tudo coberto
Pessoa Jurídica - PME;Flex 1;50%;Regional;Apartamento;24;28;304;348,24;R$ 75,00;R$1,00 até no máximo R$90,00;Internado tudo coberto
Pessoa Jurídica - PME;Flex 1;50%;Regional;Apartamento;29;33;304;495,61;R$ 75,00;R$1,00 até no máximo R$90,00;Internado tudo coberto
Pessoa Jurídica - PME;Flex 1;50%;Regional;Apartamento;34;38;304;519,89;R$ 75,00;R$1,00 até no máximo R$90,00;Internado tudo coberto
Pessoa Jurídica - PME;Flex 1;50%;Regional;Apartamento;39;43;304;709,88;R$ 75,00;R$1,00 até no máximo R$90,00;Internado tudo coberto
Pessoa Jurídica - PME;Flex 1;50%;Regional;Apartamento;44;48;304;744,89;R$ 75,00;R$1,00 até no máximo R$90,00;Internado tudo coberto
Pessoa Jurídica - PME;Flex 1;50%;Regional;Apartamento;49;53;304;1015,6;R$ 75,00;R$1,00 até no máximo R$90,00;Internado tudo coberto
Pessoa Jurídica - PME;Flex 1;50%;Regional;Apartamento;54;58;304;1096,05;R$ 75,00;R$1,00 até no máximo R$90,00;Internado tudo coberto
Pessoa Jurídica - PME;Flex 1;50%;Regional;Apartamento;59;120;304;"***
";R$ 75,00;R$1,00 até no máximo R$90,00;Internado tudo coberto
Pessoa Jurídica - PME;Flex 1;30%;Regional;Enfermaria;0;18;304;251,19;R$ 45,00;R$1,00 até no máximo R$90,00;Internado tudo coberto
Pessoa Jurídica - PME;Flex 1;30%;Regional;Enfermaria;19;23;304;287,11;R$ 45,00;R$1,00 até no máximo R$90,00;Internado tudo coberto
Pessoa Jurídica - PME;Flex 1;30%;Regional;Enfermaria;24;28;304;300,97;R$ 45,00;R$1,00 até no máximo R$90,00;Internado tudo coberto
Pessoa Jurídica - PME;Flex 1;30%;Regional;Enfermaria;29;33;304;387,91;R$ 45,00;R$1,00 até no máximo R$90,00;Internado tudo coberto
Pessoa Jurídica - PME;Flex 1;30%;Regional;Enfermaria;34;38;304;406,81;R$ 45,00;R$1,00 até no máximo R$90,00;Internado tudo coberto
Pessoa Jurídica - PME;Flex 1;30%;Regional;Enfermaria;39;43;304;466,4;R$ 45,00;R$1,00 até no máximo R$90,00;Internado tudo coberto
Pessoa Jurídica - PME;Flex 1;30%;Regional;Enfermaria;44;48;304;644,4;R$ 45,00;R$1,00 até no máximo R$90,00;Internado tudo coberto
Pessoa Jurídica - PME;Flex 1;30%;Regional;Enfermaria;49;53;304;815,74;R$ 45,00;R$1,00 até no máximo R$90,00;Internado tudo coberto
Pessoa Jurídica - PME;Flex 1;30%;Regional;Enfermaria;54;58;304;896,3;R$ 45,00;R$1,00 até no máximo R$90,00;Internado tudo coberto
Pessoa Jurídica - PME;Flex 1;30%;Regional;Enfermaria;59;120;304;"***
";R$ 45,00;R$1,00 até no máximo R$90,00;Internado tudo coberto
Pessoa Jurídica - PME;Flex 1;30%;Regional;Apartamento;0;18;304;306,09;R$ 45,00;R$1,00 até no máximo R$90,00;Internado tudo coberto
Pessoa Jurídica - PME;Flex 1;30%;Regional;Apartamento;19;23;304;371,33;R$ 45,00;R$1,00 até no máximo R$90,00;Internado tudo coberto
Pessoa Jurídica - PME;Flex 1;30%;Regional;Apartamento;24;28;304;389,39;R$ 45,00;R$1,00 até no máximo R$90,00;Internado tudo coberto
Pessoa Jurídica - PME;Flex 1;30%;Regional;Apartamento;29;33;304;554,67;R$ 45,00;R$1,00 até no máximo R$90,00;Internado tudo coberto
Pessoa Jurídica - PME;Flex 1;30%;Regional;Apartamento;34;38;304;581,93;R$ 45,00;R$1,00 até no máximo R$90,00;Internado tudo coberto
Pessoa Jurídica - PME;Flex 1;30%;Regional;Apartamento;39;43;304;795,04;R$ 45,00;R$1,00 até no máximo R$90,00;Internado tudo coberto
Pessoa Jurídica - PME;Flex 1;30%;Regional;Apartamento;44;48;304;834,28;R$ 45,00;R$1,00 até no máximo R$90,00;Internado tudo coberto
Pessoa Jurídica - PME;Flex 1;30%;Regional;Apartamento;49;53;304;1137,92;R$ 45,00;R$1,00 até no máximo R$90,00;Internado tudo coberto
Pessoa Jurídica - PME;Flex 1;30%;Regional;Apartamento;54;58;304;1228,17;R$ 45,00;R$1,00 até no máximo R$90,00;Internado tudo coberto
Pessoa Jurídica - PME;Flex 1;30%;Regional;Apartamento;59;120;304;"***
";R$ 45,00;R$1,00 até no máximo R$90,00;Internado tudo coberto
Pessoa Jurídica - PME;Flex 1;20%;Regional;Enfermaria;0;18;304;261,15;R$ 30,00;R$1,00 até no máximo R$90,00;Internado tudo coberto
Pessoa Jurídica - PME;Flex 1;20%;Regional;Enfermaria;19;23;304;298,57;R$ 30,00;R$1,00 até no máximo R$90,00;Internado tudo coberto
Pessoa Jurídica - PME;Flex 1;20%;Regional;Enfermaria;24;28;304;313,01;R$ 30,00;R$1,00 até no máximo R$90,00;Internado tudo coberto
Pessoa Jurídica - PME;Flex 1;20%;Regional;Enfermaria;29;33;304;403,58;R$ 30,00;R$1,00 até no máximo R$90,00;Internado tudo coberto
Pessoa Jurídica - PME;Flex 1;20%;Regional;Enfermaria;34;38;304;423,26;R$ 30,00;R$1,00 até no máximo R$90,00;Internado tudo coberto
Pessoa Jurídica - PME;Flex 1;20%;Regional;Enfermaria;39;43;304;485,28;R$ 30,00;R$1,00 até no máximo R$90,00;Internado tudo coberto
Pessoa Jurídica - PME;Flex 1;20%;Regional;Enfermaria;44;48;304;670,7;R$ 30,00;R$1,00 até no máximo R$90,00;Internado tudo coberto
Pessoa Jurídica - PME;Flex 1;20%;Regional;Enfermaria;49;53;304;849,1;R$ 30,00;R$1,00 até no máximo R$90,00;Internado tudo coberto
Pessoa Jurídica - PME;Flex 1;20%;Regional;Enfermaria;54;58;304;933,03;R$ 30,00;R$1,00 até no máximo R$90,00;Internado tudo coberto
Pessoa Jurídica - PME;Flex 1;20%;Regional;Enfermaria;59;120;304;"***
";R$ 30,00;R$1,00 até no máximo R$90,00;Internado tudo coberto
Pessoa Jurídica - PME;Flex 1;20%;Regional;Apartamento;0;18;304;318,37;R$ 30,00;R$1,00 até no máximo R$90,00;Internado tudo coberto
Pessoa Jurídica - PME;Flex 1;20%;Regional;Apartamento;19;23;304;386,32;R$ 30,00;R$1,00 até no máximo R$90,00;Internado tudo coberto
Pessoa Jurídica - PME;Flex 1;20%;Regional;Apartamento;24;28;304;405,14;R$ 30,00;R$1,00 até no máximo R$90,00;Internado tudo coberto
Pessoa Jurídica - PME;Flex 1;20%;Regional;Apartamento;29;33;304;577,29;R$ 30,00;R$1,00 até no máximo R$90,00;Internado tudo coberto
Pessoa Jurídica - PME;Flex 1;20%;Regional;Apartamento;34;38;304;605,67;R$ 30,00;R$1,00 até no máximo R$90,00;Internado tudo coberto
Pessoa Jurídica - PME;Flex 1;20%;Regional;Apartamento;39;43;304;827,62;R$ 30,00;R$1,00 até no máximo R$90,00;Internado tudo coberto
Pessoa Jurídica - PME;Flex 1;20%;Regional;Apartamento;44;48;304;868,52;R$ 30,00;R$1,00 até no máximo R$90,00;Internado tudo coberto
Pessoa Jurídica - PME;Flex 1;20%;Regional;Apartamento;49;53;304;1184,74;R$ 30,00;R$1,00 até no máximo R$90,00;Internado tudo coberto
Pessoa Jurídica - PME;Flex 1;20%;Regional;Apartamento;54;58;304;1278,71;R$ 30,00;R$1,00 até no máximo R$90,00;Internado tudo coberto
Pessoa Jurídica - PME;Flex 1;20%;Regional;Apartamento;59;120;304;"***
";R$ 30,00;R$1,00 até no máximo R$90,00;Internado tudo coberto
Pessoa Jurídica - PME;Amigo;25%;Nacional;Enfermaria;0;18;304;322,56;R$ 37,50;R$1,00 até no máximo R$220,00;Internado tudo coberto
Pessoa Jurídica - PME;Amigo;25%;Nacional;Enfermaria;19;23;304;369,04;R$ 37,50;R$1,00 até no máximo R$220,00;Internado tudo coberto
Pessoa Jurídica - PME;Amigo;25%;Nacional;Enfermaria;24;28;304;387,01;R$ 37,50;R$1,00 até no máximo R$220,00;Internado tudo coberto
Pessoa Jurídica - PME;Amigo;25%;Nacional;Enfermaria;29;33;304;499,61;R$ 37,50;R$1,00 até no máximo R$220,00;Internado tudo coberto
Pessoa Jurídica - PME;Amigo;25%;Nacional;Enfermaria;34;38;304;524,1;R$ 37,50;R$1,00 até no máximo R$220,00;Internado tudo coberto
Pessoa Jurídica - PME;Amigo;25%;Nacional;Enfermaria;39;43;304;600,26;R$ 37,50;R$1,00 até no máximo R$220,00;Internado tudo coberto
Pessoa Jurídica - PME;Amigo;25%;Nacional;Enfermaria;44;48;304;833,11;R$ 37,50;R$1,00 até no máximo R$220,00;Internado tudo coberto
Pessoa Jurídica - PME;Amigo;25%;Nacional;Enfermaria;49;53;304;1053,67;R$ 37,50;R$1,00 até no máximo R$220,00;Internado tudo coberto
Pessoa Jurídica - PME;Amigo;25%;Nacional;Enfermaria;54;58;304;1158,05;R$ 37,50;R$1,00 até no máximo R$220,00;Internado tudo coberto
Pessoa Jurídica - PME;Amigo;25%;Nacional;Enfermaria;59;120;304;"***
";R$ 37,50;R$1,00 até no máximo R$220,00;Internado tudo coberto
Pessoa Jurídica - PME;Amigo;25%;Nacional;Apartamento;0;18;304;426,79;R$ 37,50;R$1,00 até no máximo R$220,00;Internado tudo coberto
Pessoa Jurídica - PME;Amigo;25%;Nacional;Apartamento;19;23;304;518,56;R$ 37,50;R$1,00 até no máximo R$220,00;Internado tudo coberto
Pessoa Jurídica - PME;Amigo;25%;Nacional;Apartamento;24;28;304;544,01;R$ 37,50;R$1,00 até no máximo R$220,00;Internado tudo coberto
Pessoa Jurídica - PME;Amigo;25%;Nacional;Apartamento;29;33;304;776,67;R$ 37,50;R$1,00 até no máximo R$220,00;Internado tudo coberto
Pessoa Jurídica - PME;Amigo;25%;Nacional;Apartamento;34;38;304;815;R$ 37,50;R$1,00 até no máximo R$220,00;Internado tudo coberto
Pessoa Jurídica - PME;Amigo;25%;Nacional;Apartamento;39;43;304;1114,91;R$ 37,50;R$1,00 até no máximo R$220,00;Internado tudo coberto
Pessoa Jurídica - PME;Amigo;25%;Nacional;Apartamento;44;48;304;1170,16;R$ 37,50;R$1,00 até no máximo R$220,00;Internado tudo coberto
Pessoa Jurídica - PME;Amigo;25%;Nacional;Apartamento;49;53;304;1597,49;R$ 37,50;R$1,00 até no máximo R$220,00;Internado tudo coberto
Pessoa Jurídica - PME;Amigo;25%;Nacional;Apartamento;54;58;304;1724,53;R$ 37,50;R$1,00 até no máximo R$220,00;Internado tudo coberto
Pessoa Jurídica - PME;Amigo;25%;Nacional;Apartamento;59;120;304;"***
";R$ 37,50;R$1,00 até no máximo R$220,00;Internado tudo coberto
Pessoa Jurídica - PME;Amigo;50%;Nacional;Enfermaria;0;18;304;247,85;R$ 75,00;R$1,00 até no máximo R$220,00;Internado tudo coberto
Pessoa Jurídica - PME;Amigo;50%;Nacional;Enfermaria;19;23;304;283,24;R$ 75,00;R$1,00 até no máximo R$220,00;Internado tudo coberto
Pessoa Jurídica - PME;Amigo;50%;Nacional;Enfermaria;24;28;304;296,94;R$ 75,00;R$1,00 até no máximo R$220,00;Internado tudo coberto
Pessoa Jurídica - PME;Amigo;50%;Nacional;Enfermaria;29;33;304;382,68;R$ 75,00;R$1,00 até no máximo R$220,00;Internado tudo coberto
Pessoa Jurídica - PME;Amigo;50%;Nacional;Enfermaria;34;38;304;401,32;R$ 75,00;R$1,00 até no máximo R$220,00;Internado tudo coberto
Pessoa Jurídica - PME;Amigo;50%;Nacional;Enfermaria;39;43;304;459,3;R$ 75,00;R$1,00 até no máximo R$220,00;Internado tudo coberto
Pessoa Jurídica - PME;Amigo;50%;Nacional;Enfermaria;44;48;304;636,6;R$ 75,00;R$1,00 até no máximo R$220,00;Internado tudo coberto
Pessoa Jurídica - PME;Amigo;50%;Nacional;Enfermaria;49;53;304;804,5;R$ 75,00;R$1,00 até no máximo R$220,00;Internado tudo coberto
Pessoa Jurídica - PME;Amigo;50%;Nacional;Enfermaria;54;58;304;883,96;R$ 75,00;R$1,00 até no máximo R$220,00;Internado tudo coberto
Pessoa Jurídica - PME;Amigo;50%;Nacional;Enfermaria;59;120;304;"***
";R$ 75,00;R$1,00 até no máximo R$220,00;Internado tudo coberto
Pessoa Jurídica - PME;Amigo;50%;Nacional;Apartamento;0;18;304;327,15;R$ 75,00;R$1,00 até no máximo R$220,00;Internado tudo coberto
Pessoa Jurídica - PME;Amigo;50%;Nacional;Apartamento;19;23;304;397,04;R$ 75,00;R$1,00 até no máximo R$220,00;Internado tudo coberto
Pessoa Jurídica - PME;Amigo;50%;Nacional;Apartamento;24;28;304;416,4;R$ 75,00;R$1,00 até no máximo R$220,00;Internado tudo coberto
Pessoa Jurídica - PME;Amigo;50%;Nacional;Apartamento;29;33;304;593,46;R$ 75,00;R$1,00 até no máximo R$220,00;Internado tudo coberto
Pessoa Jurídica - PME;Amigo;50%;Nacional;Apartamento;34;38;304;622,63;R$ 75,00;R$1,00 até no máximo R$220,00;Internado tudo coberto
Pessoa Jurídica - PME;Amigo;50%;Nacional;Apartamento;39;43;304;850,88;R$ 75,00;R$1,00 até no máximo R$220,00;Internado tudo coberto
Pessoa Jurídica - PME;Amigo;50%;Nacional;Apartamento;44;48;304;892,93;R$ 75,00;R$1,00 até no máximo R$220,00;Internado tudo coberto
Pessoa Jurídica - PME;Amigo;50%;Nacional;Apartamento;49;53;304;1218,16;R$ 75,00;R$1,00 até no máximo R$220,00;Internado tudo coberto
Pessoa Jurídica - PME;Amigo;50%;Nacional;Apartamento;54;58;304;1314,83;R$ 75,00;R$1,00 até no máximo R$220,00;Internado tudo coberto
Pessoa Jurídica - PME;Amigo;50%;Nacional;Apartamento;59;120;304;"***
";R$ 75,00;R$1,00 até no máximo R$220,00;Internado tudo coberto
Pessoa Jurídica - PME;Flex 1;50%;Regional;Enfermaria;0;18;5+;225;R$ 75,00;R$1,00 até no máximo R$90,00;Internado tudo coberto
Pessoa Jurídica - PME;Flex 1;50%;Regional;Enfermaria;19;23;5+;257,03;R$ 75,00;R$1,00 até no máximo R$90,00;Internado tudo coberto
Pessoa Jurídica - PME;Flex 1;50%;Regional;Enfermaria;24;28;5+;269,37;R$ 75,00;R$1,00 até no máximo R$90,00;Internado tudo coberto
Pessoa Jurídica - PME;Flex 1;50%;Regional;Enfermaria;29;33;5+;346,93;R$ 75,00;R$1,00 até no máximo R$90,00;Internado tudo coberto
Pessoa Jurídica - PME;Flex 1;50%;Regional;Enfermaria;34;38;5+;363,79;R$ 75,00;R$1,00 até no máximo R$90,00;Internado tudo coberto
Pessoa Jurídica - PME;Flex 1;50%;Regional;Enfermaria;39;43;5+;416,87;R$ 75,00;R$1,00 até no máximo R$90,00;Internado tudo coberto
Pessoa Jurídica - PME;Flex 1;50%;Regional;Enfermaria;44;48;5+;575,6;R$ 75,00;R$1,00 até no máximo R$90,00;Internado tudo coberto
Pessoa Jurídica - PME;Flex 1;50%;Regional;Enfermaria;49;53;5+;728,37;R$ 75,00;R$1,00 até no máximo R$90,00;Internado tudo coberto
Pessoa Jurídica - PME;Flex 1;50%;Regional;Enfermaria;54;58;5+;800,23;R$ 75,00;R$1,00 até no máximo R$90,00;Internado tudo coberto
Pessoa Jurídica - PME;Flex 1;50%;Regional;Enfermaria;59;120;5+;"***
";R$ 75,00;R$1,00 até no máximo R$90,00;Internado tudo coberto
Pessoa Jurídica - PME;Flex 1;50%;Regional;Apartamento;0;18;5+;273,97;R$ 75,00;R$1,00 até no máximo R$90,00;Internado tudo coberto
Pessoa Jurídica - PME;Flex 1;50%;Regional;Apartamento;19;23;5+;332,13;R$ 75,00;R$1,00 até no máximo R$90,00;Internado tudo coberto
Pessoa Jurídica - PME;Flex 1;50%;Regional;Apartamento;24;28;5+;348,24;R$ 75,00;R$1,00 até no máximo R$90,00;Internado tudo coberto
Pessoa Jurídica - PME;Flex 1;50%;Regional;Apartamento;29;33;5+;495,61;R$ 75,00;R$1,00 até no máximo R$90,00;Internado tudo coberto
Pessoa Jurídica - PME;Flex 1;50%;Regional;Apartamento;34;38;5+;519,89;R$ 75,00;R$1,00 até no máximo R$90,00;Internado tudo coberto
Pessoa Jurídica - PME;Flex 1;50%;Regional;Apartamento;39;43;5+;709,88;R$ 75,00;R$1,00 até no máximo R$90,00;Internado tudo coberto
Pessoa Jurídica - PME;Flex 1;50%;Regional;Apartamento;44;48;5+;744,89;R$ 75,00;R$1,00 até no máximo R$90,00;Internado tudo coberto
Pessoa Jurídica - PME;Flex 1;50%;Regional;Apartamento;49;53;5+;1015,6;R$ 75,00;R$1,00 até no máximo R$90,00;Internado tudo coberto
Pessoa Jurídica - PME;Flex 1;50%;Regional;Apartamento;54;58;5+;1096,05;R$ 75,00;R$1,00 até no máximo R$90,00;Internado tudo coberto
Pessoa Jurídica - PME;Flex 1;50%;Regional;Apartamento;59;120;5+;"***
";R$ 75,00;R$1,00 até no máximo R$90,00;Internado tudo coberto
Pessoa Jurídica - PME;Flex 1;30%;Regional;Enfermaria;0;18;5+;251,19;R$ 45,00;R$1,00 até no máximo R$90,00;Internado tudo coberto
Pessoa Jurídica - PME;Flex 1;30%;Regional;Enfermaria;19;23;5+;287,11;R$ 45,00;R$1,00 até no máximo R$90,00;Internado tudo coberto
Pessoa Jurídica - PME;Flex 1;30%;Regional;Enfermaria;24;28;5+;300,97;R$ 45,00;R$1,00 até no máximo R$90,00;Internado tudo coberto
Pessoa Jurídica - PME;Flex 1;30%;Regional;Enfermaria;29;33;5+;387,91;R$ 45,00;R$1,00 até no máximo R$90,00;Internado tudo coberto
Pessoa Jurídica - PME;Flex 1;30%;Regional;Enfermaria;34;38;5+;406,81;R$ 45,00;R$1,00 até no máximo R$90,00;Internado tudo coberto
Pessoa Jurídica - PME;Flex 1;30%;Regional;Enfermaria;39;43;5+;466,4;R$ 45,00;R$1,00 até no máximo R$90,00;Internado tudo coberto
Pessoa Jurídica - PME;Flex 1;30%;Regional;Enfermaria;44;48;5+;644,4;R$ 45,00;R$1,00 até no máximo R$90,00;Internado tudo coberto
Pessoa Jurídica - PME;Flex 1;30%;Regional;Enfermaria;49;53;5+;815,74;R$ 45,00;R$1,00 até no máximo R$90,00;Internado tudo coberto
Pessoa Jurídica - PME;Flex 1;30%;Regional;Enfermaria;54;58;5+;896,3;R$ 45,00;R$1,00 até no máximo R$90,00;Internado tudo coberto
Pessoa Jurídica - PME;Flex 1;30%;Regional;Enfermaria;59;120;5+;"***
";R$ 45,00;R$1,00 até no máximo R$90,00;Internado tudo coberto
Pessoa Jurídica - PME;Flex 1;30%;Regional;Apartamento;0;18;5+;306,09;R$ 45,00;R$1,00 até no máximo R$90,00;Internado tudo coberto
Pessoa Jurídica - PME;Flex 1;30%;Regional;Apartamento;19;23;5+;371,33;R$ 45,00;R$1,00 até no máximo R$90,00;Internado tudo coberto
Pessoa Jurídica - PME;Flex 1;30%;Regional;Apartamento;24;28;5+;389,39;R$ 45,00;R$1,00 até no máximo R$90,00;Internado tudo coberto
Pessoa Jurídica - PME;Flex 1;30%;Regional;Apartamento;29;33;5+;554,67;R$ 45,00;R$1,00 até no máximo R$90,00;Internado tudo coberto
Pessoa Jurídica - PME;Flex 1;30%;Regional;Apartamento;34;38;5+;581,93;R$ 45,00;R$1,00 até no máximo R$90,00;Internado tudo coberto
Pessoa Jurídica - PME;Flex 1;30%;Regional;Apartamento;39;43;5+;795,04;R$ 45,00;R$1,00 até no máximo R$90,00;Internado tudo coberto
Pessoa Jurídica - PME;Flex 1;30%;Regional;Apartamento;44;48;5+;834,28;R$ 45,00;R$1,00 até no máximo R$90,00;Internado tudo coberto
Pessoa Jurídica - PME;Flex 1;30%;Regional;Apartamento;49;53;5+;1137,92;R$ 45,00;R$1,00 até no máximo R$90,00;Internado tudo coberto
Pessoa Jurídica - PME;Flex 1;30%;Regional;Apartamento;54;58;5+;1228,17;R$ 45,00;R$1,00 até no máximo R$90,00;Internado tudo coberto
Pessoa Jurídica - PME;Flex 1;30%;Regional;Apartamento;59;120;5+;"***
";R$ 45,00;R$1,00 até no máximo R$90,00;Internado tudo coberto
Pessoa Jurídica - PME;Flex 1;20%;Regional;Enfermaria;0;18;5+;261,15;R$ 30,00;R$1,00 até no máximo R$90,00;Internado tudo coberto
Pessoa Jurídica - PME;Flex 1;20%;Regional;Enfermaria;19;23;5+;298,57;R$ 30,00;R$1,00 até no máximo R$90,00;Internado tudo coberto
Pessoa Jurídica - PME;Flex 1;20%;Regional;Enfermaria;24;28;5+;313,01;R$ 30,00;R$1,00 até no máximo R$90,00;Internado tudo coberto
Pessoa Jurídica - PME;Flex 1;20%;Regional;Enfermaria;29;33;5+;403,58;R$ 30,00;R$1,00 até no máximo R$90,00;Internado tudo coberto
Pessoa Jurídica - PME;Flex 1;20%;Regional;Enfermaria;34;38;5+;423,26;R$ 30,00;R$1,00 até no máximo R$90,00;Internado tudo coberto
Pessoa Jurídica - PME;Flex 1;20%;Regional;Enfermaria;39;43;5+;485,28;R$ 30,00;R$1,00 até no máximo R$90,00;Internado tudo coberto
Pessoa Jurídica - PME;Flex 1;20%;Regional;Enfermaria;44;48;5+;670,7;R$ 30,00;R$1,00 até no máximo R$90,00;Internado tudo coberto
Pessoa Jurídica - PME;Flex 1;20%;Regional;Enfermaria;49;53;5+;849,1;R$ 30,00;R$1,00 até no máximo R$90,00;Internado tudo coberto
Pessoa Jurídica - PME;Flex 1;20%;Regional;Enfermaria;54;58;5+;933,03;R$ 30,00;R$1,00 até no máximo R$90,00;Internado tudo coberto
Pessoa Jurídica - PME;Flex 1;20%;Regional;Enfermaria;59;120;5+;"***
";R$ 30,00;R$1,00 até no máximo R$90,00;Internado tudo coberto
Pessoa Jurídica - PME;Flex 1;20%;Regional;Apartamento;0;18;5+;318,37;R$ 30,00;R$1,00 até no máximo R$90,00;Internado tudo coberto
Pessoa Jurídica - PME;Flex 1;20%;Regional;Apartamento;19;23;5+;386,32;R$ 30,00;R$1,00 até no máximo R$90,00;Internado tudo coberto
Pessoa Jurídica - PME;Flex 1;20%;Regional;Apartamento;24;28;5+;405,14;R$ 30,00;R$1,00 até no máximo R$90,00;Internado tudo coberto
Pessoa Jurídica - PME;Flex 1;20%;Regional;Apartamento;29;33;5+;577,29;R$ 30,00;R$1,00 até no máximo R$90,00;Internado tudo coberto
Pessoa Jurídica - PME;Flex 1;20%;Regional;Apartamento;34;38;5+;605,67;R$ 30,00;R$1,00 até no máximo R$90,00;Internado tudo coberto
Pessoa Jurídica - PME;Flex 1;20%;Regional;Apartamento;39;43;5+;827,62;R$ 30,00;R$1,00 até no máximo R$90,00;Internado tudo coberto
Pessoa Jurídica - PME;Flex 1;20%;Regional;Apartamento;44;48;5+;868,52;R$ 30,00;R$1,00 até no máximo R$90,00;Internado tudo coberto
Pessoa Jurídica - PME;Flex 1;20%;Regional;Apartamento;49;53;5+;1184,74;R$ 30,00;R$1,00 até no máximo R$90,00;Internado tudo coberto
Pessoa Jurídica - PME;Flex 1;20%;Regional;Apartamento;54;58;5+;1278,71;R$ 30,00;R$1,00 até no máximo R$90,00;Internado tudo coberto
Pessoa Jurídica - PME;Flex 1;20%;Regional;Apartamento;59;120;5+;"***
";R$ 30,00;R$1,00 até no máximo R$90,00;Internado tudo coberto
Pessoa Jurídica - PME;Amigo;25%;Nacional;Enfermaria;0;18;5+;322,56;R$ 37,50;R$1,00 até no máximo R$220,00;Internado tudo coberto
Pessoa Jurídica - PME;Amigo;25%;Nacional;Enfermaria;19;23;5+;369,04;R$ 37,50;R$1,00 até no máximo R$220,00;Internado tudo coberto
Pessoa Jurídica - PME;Amigo;25%;Nacional;Enfermaria;24;28;5+;387,01;R$ 37,50;R$1,00 até no máximo R$220,00;Internado tudo coberto
Pessoa Jurídica - PME;Amigo;25%;Nacional;Enfermaria;29;33;5+;499,61;R$ 37,50;R$1,00 até no máximo R$220,00;Internado tudo coberto
Pessoa Jurídica - PME;Amigo;25%;Nacional;Enfermaria;34;38;5+;524,1;R$ 37,50;R$1,00 até no máximo R$220,00;Internado tudo coberto
Pessoa Jurídica - PME;Amigo;25%;Nacional;Enfermaria;39;43;5+;600,26;R$ 37,50;R$1,00 até no máximo R$220,00;Internado tudo coberto
Pessoa Jurídica - PME;Amigo;25%;Nacional;Enfermaria;44;48;5+;833,11;R$ 37,50;R$1,00 até no máximo R$220,00;Internado tudo coberto
Pessoa Jurídica - PME;Amigo;25%;Nacional;Enfermaria;49;53;5+;1053,67;R$ 37,50;R$1,00 até no máximo R$220,00;Internado tudo coberto
Pessoa Jurídica - PME;Amigo;25%;Nacional;Enfermaria;54;58;5+;1158,05;R$ 37,50;R$1,00 até no máximo R$220,00;Internado tudo coberto
Pessoa Jurídica - PME;Amigo;25%;Nacional;Enfermaria;59;120;5+;"***
";R$ 37,50;R$1,00 até no máximo R$220,00;Internado tudo coberto
Pessoa Jurídica - PME;Amigo;25%;Nacional;Apartamento;0;18;5+;426,79;R$ 37,50;R$1,00 até no máximo R$220,00;Internado tudo coberto
Pessoa Jurídica - PME;Amigo;25%;Nacional;Apartamento;19;23;5+;518,56;R$ 37,50;R$1,00 até no máximo R$220,00;Internado tudo coberto
Pessoa Jurídica - PME;Amigo;25%;Nacional;Apartamento;24;28;5+;544,01;R$ 37,50;R$1,00 até no máximo R$220,00;Internado tudo coberto
Pessoa Jurídica - PME;Amigo;25%;Nacional;Apartamento;29;33;5+;776,67;R$ 37,50;R$1,00 até no máximo R$220,00;Internado tudo coberto
Pessoa Jurídica - PME;Amigo;25%;Nacional;Apartamento;34;38;5+;815;R$ 37,50;R$1,00 até no máximo R$220,00;Internado tudo coberto
Pessoa Jurídica - PME;Amigo;25%;Nacional;Apartamento;39;43;5+;1114,91;R$ 37,50;R$1,00 até no máximo R$220,00;Internado tudo coberto
Pessoa Jurídica - PME;Amigo;25%;Nacional;Apartamento;44;48;5+;1170,16;R$ 37,50;R$1,00 até no máximo R$220,00;Internado tudo coberto
Pessoa Jurídica - PME;Amigo;25%;Nacional;Apartamento;49;53;5+;1597,49;R$ 37,50;R$1,00 até no máximo R$220,00;Internado tudo coberto
Pessoa Jurídica - PME;Amigo;25%;Nacional;Apartamento;54;58;5+;1724,53;R$ 37,50;R$1,00 até no máximo R$220,00;Internado tudo coberto
Pessoa Jurídica - PME;Amigo;25%;Nacional;Apartamento;59;120;5+;"***
";R$ 37,50;R$1,00 até no máximo R$220,00;Internado tudo coberto
Pessoa Jurídica - PME;Amigo;50%;Nacional;Enfermaria;0;18;5+;247,85;R$ 75,00;R$1,00 até no máximo R$220,00;Internado tudo coberto
Pessoa Jurídica - PME;Amigo;50%;Nacional;Enfermaria;19;23;5+;283,24;R$ 75,00;R$1,00 até no máximo R$220,00;Internado tudo coberto
Pessoa Jurídica - PME;Amigo;50%;Nacional;Enfermaria;24;28;5+;296,94;R$ 75,00;R$1,00 até no máximo R$220,00;Internado tudo coberto
Pessoa Jurídica - PME;Amigo;50%;Nacional;Enfermaria;29;33;5+;382,68;R$ 75,00;R$1,00 até no máximo R$220,00;Internado tudo coberto
Pessoa Jurídica - PME;Amigo;50%;Nacional;Enfermaria;34;38;5+;401,32;R$ 75,00;R$1,00 até no máximo R$220,00;Internado tudo coberto
Pessoa Jurídica - PME;Amigo;50%;Nacional;Enfermaria;39;43;5+;459,3;R$ 75,00;R$1,00 até no máximo R$220,00;Internado tudo coberto
Pessoa Jurídica - PME;Amigo;50%;Nacional;Enfermaria;44;48;5+;636,6;R$ 75,00;R$1,00 até no máximo R$220,00;Internado tudo coberto
Pessoa Jurídica - PME;Amigo;50%;Nacional;Enfermaria;49;53;5+;804,5;R$ 75,00;R$1,00 até no máximo R$220,00;Internado tudo coberto
Pessoa Jurídica - PME;Amigo;50%;Nacional;Enfermaria;54;58;5+;883,96;R$ 75,00;R$1,00 até no máximo R$220,00;Internado tudo coberto
Pessoa Jurídica - PME;Amigo;50%;Nacional;Enfermaria;59;120;5+;"***
";R$ 75,00;R$1,00 até no máximo R$220,00;Internado tudo coberto
Pessoa Jurídica - PME;Amigo;50%;Nacional;Apartamento;0;18;5+;327,15;R$ 75,00;R$1,00 até no máximo R$220,00;Internado tudo coberto
Pessoa Jurídica - PME;Amigo;50%;Nacional;Apartamento;19;23;5+;397,04;R$ 75,00;R$1,00 até no máximo R$220,00;Internado tudo coberto
Pessoa Jurídica - PME;Amigo;50%;Nacional;Apartamento;24;28;5+;416,4;R$ 75,00;R$1,00 até no máximo R$220,00;Internado tudo coberto
Pessoa Jurídica - PME;Amigo;50%;Nacional;Apartamento;29;33;5+;593,46;R$ 75,00;R$1,00 até no máximo R$220,00;Internado tudo coberto
Pessoa Jurídica - PME;Amigo;50%;Nacional;Apartamento;34;38;5+;622,63;R$ 75,00;R$1,00 até no máximo R$220,00;Internado tudo coberto
Pessoa Jurídica - PME;Amigo;50%;Nacional;Apartamento;39;43;5+;850,88;R$ 75,00;R$1,00 até no máximo R$220,00;Internado tudo coberto
Pessoa Jurídica - PME;Amigo;50%;Nacional;Apartamento;44;48;5+;892,93;R$ 75,00;R$1,00 até no máximo R$220,00;Internado tudo coberto
Pessoa Jurídica - PME;Amigo;50%;Nacional;Apartamento;49;53;5+;1218,16;R$ 75,00;R$1,00 até no máximo R$220,00;Internado tudo coberto
Pessoa Jurídica - PME;Amigo;50%;Nacional;Apartamento;54;58;5+;1314,83;R$ 75,00;R$1,00 até no máximo R$220,00;Internado tudo coberto
Pessoa Jurídica - PME;Amigo;50%;Nacional;Apartamento;59;120;5+;"***
";R$ 75,00;R$1,00 até no máximo R$220,00;Internado tudo coberto
Pessoa Física - PF;Pleno;50%;Regional;Enfermaria;0;18;1;252,36;R$ 75,00;R$1,00 até no máximo R$220,00;Internado tudo coberto
Pessoa Física - PF;Pleno;50%;Regional;Enfermaria;19;23;1;304,67;R$ 75,00;R$1,00 até no máximo R$220,00;Internado tudo coberto
Pessoa Física - PF;Pleno;50%;Regional;Enfermaria;24;28;1;347,17;R$ 75,00;R$1,00 até no máximo R$220,00;Internado tudo coberto
Pessoa Física - PF;Pleno;50%;Regional;Enfermaria;29;33;1;386,23;R$ 75,00;R$1,00 até no máximo R$220,00;Internado tudo coberto
Pessoa Física - PF;Pleno;50%;Regional;Enfermaria;34;38;1;436,94;R$ 75,00;R$1,00 até no máximo R$220,00;Internado tudo coberto
Pessoa Física - PF;Pleno;50%;Regional;Enfermaria;39;43;1;487,01;R$ 75,00;R$1,00 até no máximo R$220,00;Internado tudo coberto
Pessoa Física - PF;Pleno;50%;Regional;Enfermaria;44;48;1;579,83;R$ 75,00;R$1,00 até no máximo R$220,00;Internado tudo coberto
Pessoa Física - PF;Pleno;50%;Regional;Enfermaria;49;53;1;730,12;R$ 75,00;R$1,00 até no máximo R$220,00;Internado tudo coberto
Pessoa Física - PF;Pleno;50%;Regional;Enfermaria;54;58;1;926,16;R$ 75,00;R$1,00 até no máximo R$220,00;Internado tudo coberto
Pessoa Física - PF;Pleno;50%;Regional;Enfermaria;59;120;1;1321,17;R$ 75,00;R$1,00 até no máximo R$220,00;Internado tudo coberto
Pessoa Física - PF;Pleno;50%;Regional;Enfermaria;0;18;2;227,12;R$ 75,00;R$1,00 até no máximo R$220,00;Internado tudo coberto
Pessoa Física - PF;Pleno;50%;Regional;Enfermaria;19;23;2;274,2;R$ 75,00;R$1,00 até no máximo R$220,00;Internado tudo coberto
Pessoa Física - PF;Pleno;50%;Regional;Enfermaria;24;28;2;312,45;R$ 75,00;R$1,00 até no máximo R$220,00;Internado tudo coberto
Pessoa Física - PF;Pleno;50%;Regional;Enfermaria;29;33;2;347,6;R$ 75,00;R$1,00 até no máximo R$220,00;Internado tudo coberto
Pessoa Física - PF;Pleno;50%;Regional;Enfermaria;34;38;2;393,24;R$ 75,00;R$1,00 até no máximo R$220,00;Internado tudo coberto
Pessoa Física - PF;Pleno;50%;Regional;Enfermaria;39;43;2;438,31;R$ 75,00;R$1,00 até no máximo R$220,00;Internado tudo coberto
Pessoa Física - PF;Pleno;50%;Regional;Enfermaria;44;48;2;521,85;R$ 75,00;R$1,00 até no máximo R$220,00;Internado tudo coberto
Pessoa Física - PF;Pleno;50%;Regional;Enfermaria;49;53;2;657,11;R$ 75,00;R$1,00 até no máximo R$220,00;Internado tudo coberto
Pessoa Física - PF;Pleno;50%;Regional;Enfermaria;54;58;2;833,54;R$ 75,00;R$1,00 até no máximo R$220,00;Internado tudo coberto
Pessoa Física - PF;Pleno;50%;Regional;Enfermaria;59;120;2;1189,04;R$ 75,00;R$1,00 até no máximo R$220,00;Internado tudo coberto
Pessoa Física - PF;Pleno;50%;Regional;Enfermaria;0;18;3;214,51;R$ 75,00;R$1,00 até no máximo R$220,00;Internado tudo coberto
Pessoa Física - PF;Pleno;50%;Regional;Enfermaria;19;23;3;258,98;R$ 75,00;R$1,00 até no máximo R$220,00;Internado tudo coberto
Pessoa Física - PF;Pleno;50%;Regional;Enfermaria;24;28;3;295,11;R$ 75,00;R$1,00 até no máximo R$220,00;Internado tudo coberto
Pessoa Física - PF;Pleno;50%;Regional;Enfermaria;29;33;3;328,31;R$ 75,00;R$1,00 até no máximo R$220,00;Internado tudo coberto
Pessoa Física - PF;Pleno;50%;Regional;Enfermaria;34;38;3;371,42;R$ 75,00;R$1,00 até no máximo R$220,00;Internado tudo coberto
Pessoa Física - PF;Pleno;50%;Regional;Enfermaria;39;43;3;413,98;R$ 75,00;R$1,00 até no máximo R$220,00;Internado tudo coberto
Pessoa Física - PF;Pleno;50%;Regional;Enfermaria;44;48;3;492,88;R$ 75,00;R$1,00 até no máximo R$220,00;Internado tudo coberto
Pessoa Física - PF;Pleno;50%;Regional;Enfermaria;49;53;3;620,63;R$ 75,00;R$1,00 até no máximo R$220,00;Internado tudo coberto
Pessoa Física - PF;Pleno;50%;Regional;Enfermaria;54;58;3;787,27;R$ 75,00;R$1,00 até no máximo R$220,00;Internado tudo coberto
Pessoa Física - PF;Pleno;50%;Regional;Enfermaria;59;120;3;1123,04;R$ 75,00;R$1,00 até no máximo R$220,00;Internado tudo coberto
Pessoa Física - PF;Pleno;50%;Regional;Enfermaria;0;18;4+;201,89;R$ 75,00;R$1,00 até no máximo R$220,00;Internado tudo coberto
Pessoa Física - PF;Pleno;50%;Regional;Enfermaria;19;23;4+;243,74;R$ 75,00;R$1,00 até no máximo R$220,00;Internado tudo coberto
Pessoa Física - PF;Pleno;50%;Regional;Enfermaria;24;28;4+;277,74;R$ 75,00;R$1,00 até no máximo R$220,00;Internado tudo coberto
Pessoa Física - PF;Pleno;50%;Regional;Enfermaria;29;33;4+;308,99;R$ 75,00;R$1,00 até no máximo R$220,00;Internado tudo coberto
Pessoa Física - PF;Pleno;50%;Regional;Enfermaria;34;38;4+;349,56;R$ 75,00;R$1,00 até no máximo R$220,00;Internado tudo coberto
Pessoa Física - PF;Pleno;50%;Regional;Enfermaria;39;43;4+;389,62;R$ 75,00;R$1,00 até no máximo R$220,00;Internado tudo coberto
Pessoa Física - PF;Pleno;50%;Regional;Enfermaria;44;48;4+;463,88;R$ 75,00;R$1,00 até no máximo R$220,00;Internado tudo coberto
Pessoa Física - PF;Pleno;50%;Regional;Enfermaria;49;53;4+;584,12;R$ 75,00;R$1,00 até no máximo R$220,00;Internado tudo coberto
Pessoa Física - PF;Pleno;50%;Regional;Enfermaria;54;58;4+;740,96;R$ 75,00;R$1,00 até no máximo R$220,00;Internado tudo coberto
Pessoa Física - PF;Pleno;50%;Regional;Enfermaria;59;120;4+;1056,98;R$ 75,00;R$1,00 até no máximo R$220,00;Internado tudo coberto
Pessoa Física - PF;Pleno;50%;Regional;Apartamento;0;18;1;376,78;R$ 75,00;R$1,00 até no máximo R$220,00;Internado tudo coberto
Pessoa Física - PF;Pleno;50%;Regional;Apartamento;19;23;1;429,45;R$ 75,00;R$1,00 até no máximo R$220,00;Internado tudo coberto
Pessoa Física - PF;Pleno;50%;Regional;Apartamento;24;28;1;470,72;R$ 75,00;R$1,00 até no máximo R$220,00;Internado tudo coberto
Pessoa Física - PF;Pleno;50%;Regional;Apartamento;29;33;1;507,15;R$ 75,00;R$1,00 até no máximo R$220,00;Internado tudo coberto
Pessoa Física - PF;Pleno;50%;Regional;Apartamento;34;38;1;555,94;R$ 75,00;R$1,00 até no máximo R$220,00;Internado tudo coberto
Pessoa Física - PF;Pleno;50%;Regional;Apartamento;39;43;1;690,2;R$ 75,00;R$1,00 até no máximo R$220,00;Internado tudo coberto
Pessoa Física - PF;Pleno;50%;Regional;Apartamento;44;48;1;798,35;R$ 75,00;R$1,00 até no máximo R$220,00;Internado tudo coberto
Pessoa Física - PF;Pleno;50%;Regional;Apartamento;49;53;1;1051,67;R$ 75,00;R$1,00 até no máximo R$220,00;Internado tudo coberto
Pessoa Física - PF;Pleno;50%;Regional;Apartamento;54;58;1;1340,88;R$ 75,00;R$1,00 até no máximo R$220,00;Internado tudo coberto
Pessoa Física - PF;Pleno;50%;Regional;Apartamento;59;120;1;1683,34;R$ 75,00;R$1,00 até no máximo R$220,00;Internado tudo coberto
Pessoa Física - PF;Pleno;50%;Regional;Apartamento;0;18;2;339,1;R$ 75,00;R$1,00 até no máximo R$220,00;Internado tudo coberto
Pessoa Física - PF;Pleno;50%;Regional;Apartamento;19;23;2;386,51;R$ 75,00;R$1,00 até no máximo R$220,00;Internado tudo coberto
Pessoa Física - PF;Pleno;50%;Regional;Apartamento;24;28;2;423,65;R$ 75,00;R$1,00 até no máximo R$220,00;Internado tudo coberto
Pessoa Física - PF;Pleno;50%;Regional;Apartamento;29;33;2;456,44;R$ 75,00;R$1,00 até no máximo R$220,00;Internado tudo coberto
Pessoa Física - PF;Pleno;50%;Regional;Apartamento;34;38;2;500,35;R$ 75,00;R$1,00 até no máximo R$220,00;Internado tudo coberto
Pessoa Física - PF;Pleno;50%;Regional;Apartamento;39;43;2;621,18;R$ 75,00;R$1,00 até no máximo R$220,00;Internado tudo coberto
Pessoa Física - PF;Pleno;50%;Regional;Apartamento;44;48;2;718,52;R$ 75,00;R$1,00 até no máximo R$220,00;Internado tudo coberto
Pessoa Física - PF;Pleno;50%;Regional;Apartamento;49;53;2;946,51;R$ 75,00;R$1,00 até no máximo R$220,00;Internado tudo coberto
Pessoa Física - PF;Pleno;50%;Regional;Apartamento;54;58;2;1206,8;R$ 75,00;R$1,00 até no máximo R$220,00;Internado tudo coberto
Pessoa Física - PF;Pleno;50%;Regional;Apartamento;59;120;2;1515,02;R$ 75,00;R$1,00 até no máximo R$220,00;Internado tudo coberto
Pessoa Física - PF;Pleno;50%;Regional;Apartamento;0;18;3;320,26;R$ 75,00;R$1,00 até no máximo R$220,00;Internado tudo coberto
Pessoa Física - PF;Pleno;50%;Regional;Apartamento;19;23;3;365,03;R$ 75,00;R$1,00 até no máximo R$220,00;Internado tudo coberto
Pessoa Física - PF;Pleno;50%;Regional;Apartamento;24;28;3;400,11;R$ 75,00;R$1,00 até no máximo R$220,00;Internado tudo coberto
Pessoa Física - PF;Pleno;50%;Regional;Apartamento;29;33;3;431,08;R$ 75,00;R$1,00 até no máximo R$220,00;Internado tudo coberto
Pessoa Física - PF;Pleno;50%;Regional;Apartamento;34;38;3;472,55;R$ 75,00;R$1,00 até no máximo R$220,00;Internado tudo coberto
Pessoa Física - PF;Pleno;50%;Regional;Apartamento;39;43;3;586,67;R$ 75,00;R$1,00 até no máximo R$220,00;Internado tudo coberto
Pessoa Física - PF;Pleno;50%;Regional;Apartamento;44;48;3;678,6;R$ 75,00;R$1,00 até no máximo R$220,00;Internado tudo coberto
Pessoa Física - PF;Pleno;50%;Regional;Apartamento;49;53;3;893,92;R$ 75,00;R$1,00 até no máximo R$220,00;Internado tudo coberto
Pessoa Física - PF;Pleno;50%;Regional;Apartamento;54;58;3;1139,75;R$ 75,00;R$1,00 até no máximo R$220,00;Internado tudo coberto
Pessoa Física - PF;Pleno;50%;Regional;Apartamento;59;120;3;1430,84;R$ 75,00;R$1,00 até no máximo R$220,00;Internado tudo coberto
Pessoa Física - PF;Pleno;50%;Regional;Apartamento;0;18;4+;301,42;R$ 75,00;R$1,00 até no máximo R$220,00;Internado tudo coberto
Pessoa Física - PF;Pleno;50%;Regional;Apartamento;19;23;4+;343,56;R$ 75,00;R$1,00 até no máximo R$220,00;Internado tudo coberto
Pessoa Física - PF;Pleno;50%;Regional;Apartamento;24;28;4+;376,58;R$ 75,00;R$1,00 até no máximo R$220,00;Internado tudo coberto
Pessoa Física - PF;Pleno;50%;Regional;Apartamento;29;33;4+;405,73;R$ 75,00;R$1,00 até no máximo R$220,00;Internado tudo coberto
Pessoa Física - PF;Pleno;50%;Regional;Apartamento;34;38;4+;444,76;R$ 75,00;R$1,00 até no máximo R$220,00;Internado tudo coberto
Pessoa Física - PF;Pleno;50%;Regional;Apartamento;39;43;4+;552,17;R$ 75,00;R$1,00 até no máximo R$220,00;Internado tudo coberto
Pessoa Física - PF;Pleno;50%;Regional;Apartamento;44;48;4+;638,7;R$ 75,00;R$1,00 até no máximo R$220,00;Internado tudo coberto
Pessoa Física - PF;Pleno;50%;Regional;Apartamento;49;53;4+;841,36;R$ 75,00;R$1,00 até no máximo R$220,00;Internado tudo coberto
Pessoa Física - PF;Pleno;50%;Regional;Apartamento;54;58;4+;1072,73;R$ 75,00;R$1,00 até no máximo R$220,00;Internado tudo coberto
Pessoa Física - PF;Pleno;50%;Regional;Apartamento;59;120;4+;1346,71;R$ 75,00;R$1,00 até no máximo R$220,00;Internado tudo coberto
